year,quarter,GNP,RGNP72,GNPDEF,TRGNP,CPRATE,CORPYIELD,M1,M2,BASE,CSTOCK,WPRICE67,PRODURNO,PRODUR72,PRODURDF,NONRESNO,NONRES72,NONRESDF,IRESNOM,IRES72,IRESDEF,DBUSINOM,DBUSI72,CDURNOM,CDUR72,CDURDEF,CNDURNOM,CNDUR72,CNDURDEF,XPTNOM,XPT72,XPTDEF,MPTNOM,MPT72,MPTDEF,GOVPURNO,GOVPUR72,GOVPURDF,NCSPDE72,NCSBS72,NCSCON72,CCSPDE72,CCSBS72
1875,1,8.83,43.44,20.44,46.64,6.74,8.07,,2.33,0.64,,42.83,,,,,,,,,,,,,,,,,,,,,,,,,,,,,,,
1875,2,8.88,44.03,20.16,47.25,6.14,7.95,,2.33,0.63,,42.14,,,,,,,,,,,,,,,,,,,,,,,,,,,,,,,
1875,3,8.62,43.27,19.92,47.86,6.34,7.88,,2.33,0.63,,41.45,,,,,,,,,,,,,,,,,,,,,,,,,,,,,,,
1875,4,8.6,43.55,19.74,48.48,7.73,7.83,,2.31,0.62,,40.76,,,,,,,,,,,,,,,,,,,,,,,,,,,,,,,
1876,1,9.08,46.09,19.69,49.11,7.01,7.67,,2.29,0.62,,40.25,,,,,,,,,,,,,,,,,,,,,,,,,,,,,,,
1876,2,8.78,46.11,19.04,49.74,6.39,7.66,,2.28,0.62,,38.53,,,,,,,,,,,,,,,,,,,,,,,,,,,,,,,
1876,3,8.58,45.98,18.66,50.38,5.34,7.6,,2.28,0.61,,37.67,,,,,,,,,,,,,,,,,,,,,,,,,,,,,,,
1876,4,8.94,46.57,19.2,51.04,6.95,7.64,,2.28,0.62,,39.22,,,,,,,,,,,,,,,,,,,,,,,,,,,,,,,
1877,1,9.18,48.17,19.06,51.7,6.12,7.66,,2.28,0.62,,39.39,,,,,,,,,,,,,,,,,,,,,,,,,,,,,,,
1877,2,9.21,48.58,18.95,52.36,5.44,7.69,,2.26,0.62,,39.22,,,,,,,,,,,,,,,,,,,,,,,,,,,,,,,
1877,3,9.1,50.59,17.99,53.04,6.68,7.61,,2.24,0.62,,36.64,,,,,,,,,,,,,,,,,,,,,,,,,,,,,,,
1877,4,9.04,50.82,17.78,53.73,7.64,7.65,,2.18,0.62,,35.43,,,,,,,,,,,,,,,,,,,,,,,,,,,,,,,
1878,1,9.15,51.99,17.61,54.42,6.72,7.63,,2.17,0.62,,33.88,,,,,,,,,,,,,,,,,,,,,,,,,,,,,,,
1878,2,8.92,52.2,17.09,55.13,5.86,7.59,,2.14,0.63,,31.99,,,,,,,,,,,,,,,,,,,,,,,,,,,,,,,
1878,3,9.17,53.9,17.02,55.84,5.3,7.57,,2.13,0.63,,31.65,,,,,,,,,,,,,,,,,,,,,,,,,,,,,,,
1878,4,8.93,53.71,16.62,56.56,6.5,7.52,,2.1,0.62,,30.96,,,,,,,,,,,,,,,,,,,,,,,,,,,,,,,
1879,1,8.95,54.83,16.32,57.29,5.69,7.33,,2.12,0.63,,30.96,,,,,,,,,,,,,,,,,,,,,,,,,,,,,,,
1879,2,8.97,56.59,15.85,58.04,6,7.26,,2.18,0.64,,30.27,,,,,,,,,,,,,,,,,,,,,,,,,,,,,,,
1879,3,9.41,58.74,16.02,58.79,6.37,7.17,,2.28,0.67,,30.79,,,,,,,,,,,,,,,,,,,,,,,,,,,,,,,
1879,4,11.29,63.61,17.75,59.55,7.34,7.19,,2.45,0.71,,34.74,,,,,,,,,,,,,,,,,,,,,,,,,,,,,,,
1880,1,12.59,66.18,19.02,59.9,6.69,7.07,,2.62,0.74,,37.32,,,,,,,,,,,,,,,,,,,,,,,,,,,,,,,
1880,2,12.14,66.91,18.15,60.26,6.37,7.04,,2.69,0.77,,35.09,,,,,,,,,,,,,,,,,,,,,,,,,,,,,,,
1880,3,11.85,66.52,17.81,60.62,6.2,6.93,,2.78,0.79,,34.4,,,,,,,,,,,,,,,,,,,,,,,,,,,,,,,
1880,4,11.98,67.34,17.79,60.98,6.81,6.73,,2.94,0.82,,34.74,,,,,,,,,,,,,,,,,,,,,,,,,,,,,,,
1881,1,11.84,66.57,17.78,61.34,6.68,6.66,,3.09,0.84,,35.43,,,,,,,,,,,,,,,,,,,,,,,,,,,,,,,
1881,2,11.84,67.48,17.54,61.81,5.54,6.59,,3.25,0.88,,35.43,,,,,,,,,,,,,,,,,,,,,,,,,,,,,,,
1881,3,12.24,68.58,17.85,62.27,6.17,6.56,,3.42,0.9,,36.64,,,,,,,,,,,,,,,,,,,,,,,,,,,,,,,
1881,4,12.61,69.27,18.2,62.74,7.56,6.66,,3.46,0.92,,37.84,,,,,,,,,,,,,,,,,,,,,,,,,,,,,,,
1882,1,12.68,69.86,18.15,63.22,6.83,6.69,,3.5,0.93,,38.01,,,,,,,,,,,,,,,,,,,,,,,,,,,,,,,
1882,2,13.11,70.82,18.51,63.69,6.3,6.65,,3.53,0.93,,38.87,,,,,,,,,,,,,,,,,,,,,,,,,,,,,,,
1882,3,13.37,71.78,18.63,64.18,6.96,6.66,,3.59,0.94,,38.87,,,,,,,,,,,,,,,,,,,,,,,,,,,,,,,
1882,4,13.24,72.03,18.38,64.66,7.64,6.69,,3.65,0.95,,37.67,,,,,,,,,,,,,,,,,,,,,,,,,,,,,,,
1883,1,13.12,70.48,18.62,65.15,7.04,6.69,,3.7,0.96,,37.32,,,,,,,,,,,,,,,,,,,,,,,,,,,,,,,
1883,2,12.91,69.9,18.47,65.64,6.84,6.69,,3.8,0.98,,36.29,,,,,,,,,,,,,,,,,,,,,,,,,,,,,,,
1883,3,12.56,70.32,17.86,66.14,6.75,6.71,,3.84,0.98,,34.4,,,,,,,,,,,,,,,,,,,,,,,,,,,,,,,
1883,4,12.55,70.44,17.82,66.64,7.02,6.69,,3.84,0.98,,34.06,,,,,,,,,,,,,,,,,,,,,,,,,,,,,,,
1884,1,12.78,71.34,17.91,67.14,6.04,6.6,,3.85,0.98,,34.23,,,,,,,,,,,,,,,,,,,,,,,,,,,,,,,
1884,2,12.72,73.06,17.4,67.64,6.47,6.62,,3.78,0.97,,33.02,,,,,,,,,,,,,,,,,,,,,,,,,,,,,,,
1884,3,12.4,72.53,17.1,68.16,6.94,6.69,,3.76,0.99,,32.34,,,,,,,,,,,,,,,,,,,,,,,,,,,,,,,
1884,4,11.89,71.78,16.56,68.67,6.52,6.66,,3.77,1,,31.13,,,,,,,,,,,,,,,,,,,,,,,,,,,,,,,
1885,1,11.74,71.76,16.36,69.19,5.84,6.55,,3.8,1.01,,30.79,,,,,,,,,,,,,,,,,,,,,,,,,,,,,,,
1885,2,11.59,72.13,16.07,69.71,5.02,6.48,,3.84,1.02,,30.1,,,,,,,,,,,,,,,,,,,,,,,,,,,,,,,
1885,3,11.48,72.54,15.83,70.24,4.93,6.4,,3.93,1.01,,29.41,,,,,,,,,,,,,,,,,,,,,,,,,,,,,,,
1885,4,11.84,73.35,16.15,70.77,5.6,6.33,,4,1,,29.93,,,,,,,,,,,,,,,,,,,,,,,,,,,,,,,
1886,1,12.05,74.19,16.24,71.31,5.32,6.19,,4.12,0.99,,29.76,,,,,,,,,,,,,,,,,,,,,,,,,,,,,,,
1886,2,11.87,75.37,15.75,71.84,5.34,6.16,,4.18,0.99,,28.38,,,,,,,,,,,,,,,,,,,,,,,,,,,,,,,
1886,3,12.15,77.07,15.76,72.39,6.27,6.14,,4.24,0.99,,28.38,,,,,,,,,,,,,,,,,,,,,,,,,,,,,,,
1886,4,12.18,77.23,15.77,72.94,7.27,6.18,,4.3,1.01,,28.55,,,,,,,,,,,,,,,,,,,,,,,,,,,,,,,
1887,1,12.67,78.17,16.21,73.49,6.51,6.19,,4.41,1.02,,29.93,,,,,,,,,,,,,,,,,,,,,,,,,,,,,,,
1887,2,12.61,78.62,16.04,74.04,6.53,6.2,,4.49,1.04,,29.76,,,,,,,,,,,,,,,,,,,,,,,,,,,,,,,
1887,3,12.29,77.67,15.83,74.6,7.78,6.25,,4.52,1.05,,29.41,,,,,,,,,,,,,,,,,,,,,,,,,,,,,,,
1887,4,12.65,78.73,16.07,75.16,7.33,6.3,,4.53,1.06,,30.1,,,,,,,,,,,,,,,,,,,,,,,,,,,,,,,
1888,1,12.37,75.67,16.35,75.73,6.51,6.2,,4.57,1.07,,30.79,,,,,,,,,,,,,,,,,,,,,,,,,,,,,,,
1888,2,12.21,75.72,16.12,76.3,6.11,6.19,,4.57,1.08,,30.1,,,,,,,,,,,,,,,,,,,,,,,,,,,,,,,
1888,3,12.41,76.64,16.19,76.88,5.86,6.12,,4.64,1.08,,29.93,,,,,,,,,,,,,,,,,,,,,,,,,,,,,,,
1888,4,12.93,77.71,16.64,77.46,6.22,6.13,,4.68,1.09,,30.44,,,,,,,,,,,,,,,,,,,,,,,,,,,,,,,
1889,1,12.96,78.39,16.53,78.05,5.76,6.05,,4.76,1.09,,29.41,,,,,,,,,,,,,,,,,,,,,,,,,,,,,,,
1889,2,12.74,77.93,16.35,78.64,5.3,5.99,,4.83,1.1,,28.55,,,,,,,,,,,,,,,,,,,,,,,,,,,,,,,
1889,3,12.89,78.93,16.33,79.23,6.24,5.98,,4.94,1.1,,28.38,,,,,,,,,,,,,,,,,,,,,,,,,,,,,,,
1889,4,13.25,80.49,16.47,79.83,7.32,6.05,,5,1.1,,28.9,,,,,,,,,,,,,,,,,,,,,,,,,,,,,,,
1890,1,13.15,82.17,16,80.86,6.44,6.07,,5.15,1.11,,28.29,,,,,,,,,,,,,,,,,,,,,,,,,,,,,,,
1890,2,13.47,84.45,15.95,81.9,6.44,6.09,,5.29,1.13,,28.57,,,,,,,,,,,,,,,,,,,,,,,,,,,,,,,
1890,3,13.94,85.8,16.25,82.96,6.5,6.15,,5.38,1.15,,29.57,,,,,,,,,,,,,,,,,,,,,,,,,,,,,,,
1890,4,14.04,86.86,16.16,84.03,8.25,6.26,,5.41,1.17,,29.55,,,,,,,,,,,,,,,,,,,,,,,,,,,,,,,
1891,1,13.63,84.77,16.08,85.12,6.72,6.24,,5.44,1.19,,29.5,,,,,,,,,,,,,,,,,,,,,,,,,,,,,,,
1891,2,13.64,84.9,16.07,86.11,6.42,6.33,,5.48,1.19,,29.5,,,,,,,,,,,,,,,,,,,,,,,,,,,,,,,
1891,3,14.28,91.17,15.67,87.12,6.65,6.37,,5.55,1.19,,28.5,,,,,,,,,,,,,,,,,,,,,,,,,,,,,,,
1891,4,14.54,93.78,15.51,88.14,6.14,6.29,,5.7,1.22,,27.98,,,,,,,,,,,,,,,,,,,,,,,,,,,,,,,
1892,1,14.64,96.55,15.17,89.17,5.25,6.21,,5.87,1.25,,26.95,,,,,,,,,,,,,,,,,,,,,,,,,,,,,,,
1892,2,14.42,96.85,14.89,90.21,4.59,6.18,,6.03,1.27,,26.14,,,,,,,,,,,,,,,,,,,,,,,,,,,,,,,
1892,3,14.83,97.16,15.27,91.26,5.49,6.17,,6.09,1.26,,26.97,,,,,,,,,,,,,,,,,,,,,,,,,,,,,,,
1892,4,15.36,98.21,15.64,92.33,6.27,6.21,,6.02,1.25,,27.86,,,,,,,,,,,,,,,,,,,,,,,,,,,,,,,
1893,1,15.88,98.04,16.19,93.41,6.29,6.19,,5.97,1.24,,29.24,,,,,,,,,,,,,,,,,,,,,,,,,,,,,,,
1893,2,15.26,96.85,15.75,94.5,8.08,6.26,,5.82,1.25,,28.17,,,,,,,,,,,,,,,,,,,,,,,,,,,,,,,
1893,3,13.41,88.73,15.11,95.6,9.86,6.46,,5.67,1.3,,26.52,,,,,,,,,,,,,,,,,,,,,,,,,,,,,,,
1893,4,13.06,85.82,15.22,96.72,6.33,6.28,,5.65,1.33,,26.57,,,,,,,,,,,,,,,,,,,,,,,,,,,,,,,
1894,1,12.76,86.72,14.71,97.85,5.16,6.16,,5.72,1.32,,25.06,,,,,,,,,,,,,,,,,,,,,,,,,,,,,,,
1894,2,12.6,87.17,14.46,98.99,4.83,6.08,,5.74,1.31,,24.34,,,,,,,,,,,,,,,,,,,,,,,,,,,,,,,
1894,3,13.35,90.76,14.71,100.15,5.14,6.07,,5.83,1.28,,25.01,,,,,,,,,,,,,,,,,,,,,,,,,,,,,,,
1894,4,13.75,95.03,14.47,101.32,5.75,6,,5.91,1.25,,24.7,,,,,,,,,,,,,,,,,,,,,,,,,,,,,,,
1895,1,13.66,96.88,14.11,102.51,6.39,6.02,,5.91,1.22,,24.3,,,,,,,,,,,,,,,,,,,,,,,,,,,,,,,
1895,2,14.44,98.73,14.62,103.7,5.14,5.99,,6.02,1.24,,25.82,,,,,,,,,,,,,,,,,,,,,,,,,,,,,,,
1895,3,14.81,102.28,14.48,104.92,5.43,5.88,,6.1,1.24,,25.59,,,,,,,,,,,,,,,,,,,,,,,,,,,,,,,
1895,4,14.98,104.33,14.35,106.41,6.25,5.9,,6.01,1.2,,25.23,,,,,,,,,,,,,,,,,,,,,,,,,,,,,,,
1896,1,14.13,99.97,14.14,107.38,7.59,5.96,,5.89,1.18,,24.49,,,,,,,,,,,,,,,,,,,,,,,,,,,,,,,
1896,2,13.76,99,13.9,108.64,5.94,5.93,,5.8,1.16,,23.77,,,,,,,,,,,,,,,,,,,,,,,,,,,,,,,
1896,3,13.42,97.73,13.73,109.91,7.94,6.08,,5.91,1.18,,23.31,,,,,,,,,,,,,,,,,,,,,,,,,,,,,,,
1896,4,13.81,97.06,14.23,111.19,6.62,5.99,,5.99,1.24,,24.48,,,,,,,,,,,,,,,,,,,,,,,,,,,,,,,
1897,1,14.44,103.28,13.99,112.49,4.56,5.86,,6.08,1.27,,23.96,,,,,,,,,,,,,,,,,,,,,,,,,,,,,,,
1897,2,14.56,105.8,13.77,113.8,4.56,5.81,,6.14,1.26,,23.44,,,,,,,,,,,,,,,,,,,,,,,,,,,,,,,
1897,3,15.59,110.46,14.12,115.13,4.8,5.77,,6.36,1.27,,24.23,,,,,,,,,,,,,,,,,,,,,,,,,,,,,,,
1897,4,16.1,111.92,14.39,116.48,4.96,5.75,,6.59,1.29,,24.79,,,,,,,,,,,,,,,,,,,,,,,,,,,,,,,
1898,1,16.19,111.32,14.55,117.84,5.1,5.73,,6.78,1.32,,25.01,,,,,,,,,,,,,,,,,,,,,,,,,,,,,,,
1898,2,16.25,109.69,14.82,119.22,6.23,5.82,,6.98,1.39,,25.63,,,,,,,,,,,,,,,,,,,,,,,,,,,,,,,
1898,3,15.66,108.74,14.4,121.61,5.23,5.73,,7.21,1.39,,24.73,,,,,,,,,,,,,,,,,,,,,,,,,,,,,,,
1898,4,15.91,110.07,14.32,122.02,4.79,5.67,,7.53,1.43,,24.77,,,,,,,,,,,,,,,,,,,,,,,,,,,,,,,
1899,1,17.06,117.78,14.49,123.44,4.73,5.61,,7.89,1.47,,25.52,,,,,,,,,,,,,,,,,,,,,,,,,,,,,,,
1899,2,17.42,118.69,14.68,124.89,4.85,5.56,,8.2,1.48,,26.25,,,,,,,,,,,,,,,,,,,,,,,,,,,,,,,
1899,3,18.37,121.64,15.1,126.34,5.68,5.59,,8.44,1.5,,27.43,,,,,,,,,,,,,,,,,,,,,,,,,,,,,,,
1899,4,19.34,123.48,15.66,127.82,6.73,5.67,,8.52,1.5,,28.88,,,,,,,,,,,,,,,,,,,,,,,,,,,,,,,
1900,1,19.51,122.63,15.91,129.32,6.24,5.65,,8.61,1.53,6.19,29.52,,,,,,,,,,,,,,,,,,,,,,,,,,,,,,,
1900,2,19.42,123.63,15.71,130.83,5.31,5.65,,8.72,1.59,6.08,29.03,,,,,,,,,,,,,,,,,,,,,,,,,,,,,,,
1900,3,19.35,123.75,15.64,132.36,5.47,5.67,,9.09,1.64,5.87,28.83,,,,,,,,,,,,,,,,,,,,,,,,,,,,,,,
1900,4,19.3,124.2,15.54,133.9,5.8,5.66,,9.41,1.67,6.45,28.52,,,,,,,,,,,,,,,,,,,,,,,,,,,,,,,
1901,1,20.55,132.71,15.49,135.57,5.09,5.62,,9.78,1.7,7.28,28.28,,,,,,,,,,,,,,,,,,,,,,,,,,,,,,,
1901,2,21.33,138.79,15.37,137.05,5.4,5.64,,10.02,1.71,8.12,27.97,,,,,,,,,,,,,,,,,,,,,,,,,,,,,,,
1901,3,21.79,139.8,15.59,138.65,5.65,5.68,,10.27,1.73,7.99,28.55,,,,,,,,,,,,,,,,,,,,,,,,,,,,,,,
1901,4,22.2,140.91,15.84,140.27,5.45,5.68,,10.51,1.74,7.98,29.31,,,,,,,,,,,,,,,,,,,,,,,,,,,,,,,
1902,1,21.62,137.71,15.7,141.14,5.43,5.67,,10.78,1.75,8.17,29.24,,,,,,,,,,,,,,,,,,,,,,,,,,,,,,,
1902,2,22.01,137.93,15.96,142.46,5.37,5.69,,10.96,1.76,8.45,30.01,,,,,,,,,,,,,,,,,,,,,,,,,,,,,,,
1902,3,22.51,140.61,16.01,143.56,5.86,5.75,,11.17,1.78,8.76,30.24,,,,,,,,,,,,,,,,,,,,,,,,,,,,,,,
1902,4,23.42,140.27,16.7,144.66,6.57,5.82,,11.39,1.82,8.29,31.89,,,,,,,,,,,,,,,,,,,,,,,,,,,,,,,
1903,1,24.14,144.64,16.69,145.8,5.8,5.86,,11.58,1.84,8.32,31.8,,,,,,,,,,,,,,,,,,,,,,,,,,,,,,,
1903,2,23.95,147.68,16.22,147.07,5.79,5.94,,11.69,1.86,7.51,30.62,,,,,,,,,,,,,,,,,,,,,,,,,,,,,,,
1903,3,23.98,148.31,16.17,148.34,6.5,6.04,,11.83,1.88,6.65,30.43,,,,,,,,,,,,,,,,,,,,,,,,,,,,,,,
1903,4,23.12,143.78,16.08,149.63,6.54,6.02,,11.99,1.9,6.37,30.13,,,,,,,,,,,,,,,,,,,,,,,,,,,,,,,
1904,1,23.7,143.33,16.54,150.92,5.61,6.03,,12.15,1.96,6.55,31.11,,,,,,,,,,,,,,,,,,,,,,,,,,,,,,,
1904,2,23.24,143.05,16.25,152.23,4.71,6.01,,12.3,1.98,6.55,30.31,,,,,,,,,,,,,,,,,,,,,,,,,,,,,,,
1904,3,23.48,143.2,16.39,153.55,4.92,5.96,,12.65,2.01,7.04,30.53,,,,,,,,,,,,,,,,,,,,,,,,,,,,,,,
1904,4,24.68,147.26,16.76,154.58,5.32,5.95,,13.05,2.01,8.06,31.25,,,,,,,,,,,,,,,,,,,,,,,,,,,,,,,
1905,1,25.15,149.33,16.84,156.22,4.72,5.92,,13.4,2.01,8.76,31.29,,,,,,,,,,,,,,,,,,,,,,,,,,,,,,,
1905,2,25.51,152.8,16.7,157.57,4.75,5.94,,13.74,2.03,8.68,30.79,,,,,,,,,,,,,,,,,,,,,,,,,,,,,,,
1905,3,26.11,155.81,16.76,158.94,5.08,5.93,,14.04,2.05,9.1,30.81,,,,,,,,,,,,,,,,,,,,,,,,,,,,,,,
1905,4,27.49,162.22,16.95,160.32,6.17,5.95,,14.37,2.08,9.4,31.13,,,,,,,,,,,,,,,,,,,,,,,,,,,,,,,
1906,1,28.89,168.88,17.1,161.71,5.85,5.98,,14.56,2.11,9.74,31.39,,,,,,,,,,,,,,,,,,,,,,,,,,,,,,,
1906,2,29.38,170.74,17.21,163.11,5.83,6.02,,14.81,2.15,9.3,31.6,,,,,,,,,,,,,,,,,,,,,,,,,,,,,,,
1906,3,29.76,173.9,17.11,164.52,6.55,6.05,,15.15,2.19,9.61,31.41,,,,,,,,,,,,,,,,,,,,,,,,,,,,,,,
1906,4,31.49,178.38,17.65,165.94,6.76,6.06,,15.55,2.25,9.91,32.8,,,,,,,,,,,,,,,,,,,,,,,,,,,,,,,
1907,1,31.72,178.52,17.77,167.38,6.67,6.11,,15.81,2.28,9.39,33.28,,,,,,,,,,,,,,,,,,,,,,,,,,,,,,,
1907,2,32.18,179.22,17.95,168.83,6.14,6.18,,16,2.31,8.78,33.75,,,,,,,,,,,,,,,,,,,,,,,,,,,,,,,
1907,3,32.25,177.26,18.19,170.29,6.71,6.27,,15.8,2.31,7.71,34.18,,,,,,,,,,,,,,,,,,,,,,,,,,,,,,,
1907,4,30.2,167.44,18.04,171.77,7.16,6.45,,15.32,2.41,6.49,33.49,,,,,,,,,,,,,,,,,,,,,,,,,,,,,,,
1908,1,27.72,157.63,17.59,173.26,6.01,6.3,,14.92,2.53,6.77,31.91,,,,,,,,,,,,,,,,,,,,,,,,,,,,,,,
1908,2,28.13,158.04,17.8,174.76,4.71,6.26,,15.24,2.52,7.5,32.16,,,,,,,,,,,,,,,,,,,,,,,,,,,,,,,
1908,3,29.09,161.87,17.97,176.27,4.59,6.2,,15.74,2.54,8.12,32.58,,,,,,,,,,,,,,,,,,,,,,,,,,,,,,,
1908,4,30.26,167.37,18.08,177.8,4.71,6.14,,16.31,2.54,8.71,33.09,,,,,,,,,,,,,,,,,,,,,,,,,,,,,,,
1909,1,31.41,174.23,18.03,179.34,4.3,6.09,,16.68,2.53,8.93,33.49,,,,,,,,,,,,,,,,,,,,,,,,,,,,,,,
1909,2,32.77,178.71,18.34,180.89,4.25,6.11,,17.09,2.56,9.58,34.62,,,,,,,,,,,,,,,,,,,,,,,,,,,,,,,
1909,3,33.92,183.58,18.48,182.46,4.49,6.14,,17.49,2.57,10.1,35.26,,,,,,,,,,,,,,,,,,,,,,,,,,,,,,,
1909,4,35.46,187.2,18.94,184.04,5.64,6.19,,17.75,2.57,10.24,36.58,,,,,,,,,,,,,,,,,,,,,,,,,,,,,,,
1910,1,35.82,187.6,19.09,185.64,5.22,6.22,,17.94,2.58,9.92,37.08,,,,,,,,,,,,,,,,,,,,,,,,,,,,,,,
1910,2,35.64,185.72,19.19,187.25,5.51,6.3,,17.99,2.58,9.46,37.19,,,,,,,,,,,,,,,,,,,,,,,,,,,,,,,
1910,3,35.14,184.69,19.03,188.87,6.26,6.32,,18.09,2.62,8.8,36.41,,,,,,,,,,,,,,,,,,,,,,,,,,,,,,,
1910,4,34.45,185.91,18.53,190.5,5.88,6.29,,18.46,2.63,9.23,34.55,,,,,,,,,,,,,,,,,,,,,,,,,,,,,,,
1911,1,35.03,188.97,18.54,192.15,4.64,6.31,,18.68,2.67,9.34,33.57,,,,,,,,,,,,,,,,,,,,,,,,,,,,,,,
1911,2,35.11,191.02,18.38,193.82,4.41,6.31,,19.11,2.69,9.48,32.56,,,,,,,,,,,,,,,,,,,,,,,,,,,,,,,
1911,3,36.64,193.26,18.96,195.5,4.99,6.33,,19.31,2.68,9.16,33.63,,,,,,,,,,,,,,,,,,,,,,,,,,,,,,,
1911,4,37.13,194.37,19.1,197.19,4.97,6.33,,19.74,2.7,8.97,33.95,,,,,,,,,,,,,,,,,,,,,,,,,,,,,,,
1912,1,37.88,197.52,19.18,198.9,4.68,6.32,,20.12,2.72,9.15,34.43,,,,,,,,,,,,,,,,,,,,,,,,,,,,,,,
1912,2,39.44,200.43,19.68,200.62,4.83,6.34,,20.34,2.74,9.58,35.9,,,,,,,,,,,,,,,,,,,,,,,,,,,,,,,
1912,3,39.75,202.84,19.6,202.36,5.63,6.38,,20.71,2.65,9.75,35.97,,,,,,,,,,,,,,,,,,,,,,,,,,,,,,,
1912,4,40.3,205.25,19.63,204.12,6.5,6.4,,21,1.96,9.65,36.31,,,,,,,,,,,,,,,,,,,,,,,,,,,,,,,
1913,1,39.68,204.12,19.44,204.99,5.75,6.42,,21.17,2.77,9.02,36.12,,,,,,,,,,,,,,,,,,,,,,,,,,,,,,,
1913,2,39.07,202.99,19.25,205.9,6.15,6.56,,21.19,2.77,8.49,35.71,,,,,,,,,,,,,,,,,,,,,,,,,,,,,,,
1913,3,39.81,204.51,19.47,206.75,6.58,6.56,,21.32,2.8,8.4,36.09,,,,,,,,,,,,,,,,,,,,,,,,,,,,,,,
1913,4,39.59,201.9,19.61,207.63,6.31,6.59,,21.67,2.83,8.12,36.05,,,,,,,,,,,,,,,,,,,,,,,,,,,,,,,
1914,1,39.07,200.19,19.52,208.52,4.64,6.5,,21.85,2.85,8.39,35.24,,,,,,,,,,,,,,,,,,,,,,,,,,,,,,,
1914,2,39.24,200.54,19.57,209.62,4.43,6.48,,22.11,2.85,8.14,34.81,,,,,,,,,,,,,,,,,,,,,,,,,,,,,,,
1914,3,39.47,195.97,20.14,210.73,6.54,0,,22.35,2.86,0,35.62,,,,,,,,,,,,,,,,,,,,,,,,,,,,,,,
1914,4,37.55,187.11,20.07,211.84,6.28,0,,22.52,3.01,0,34.88,,,,,,,,,,,,,,,,,,,,,,,,,,,,,,,
1915,1,38.63,188.71,20.47,212.96,4.23,6.64,11.59,22.79,2.86,7.48,35.24,,,,,,,,,,,,,,,,,,,,,,,,,,,,,,,
1915,2,39.09,189.26,20.66,214.09,4.31,6.63,11.83,23.31,2.94,8.04,35.43,,,,,,,,,,,,,,,,,,,,,,,,,,,,,,,
1915,3,39.97,193.74,20.63,215.22,3.9,6.74,12.31,23.97,3.02,8.14,35.47,,,,,,,,,,,,,,,,,,,,,,,,,,,,,,,
1915,4,42.88,202.81,21.14,216.36,3.62,6.58,13.1,25.67,3.13,9.36,37.13,,,,,,,,,,,,,,,,,,,,,,,,,,,,,,,
1916,1,46.31,208.15,22.25,217.5,3.5,6.5,13.66,26.82,3.25,9.23,40.57,,,,,,,,,,,,,,,,,,,,,,,,,,,,,,,
1916,2,47.14,207.53,22.71,218.65,3.67,6.53,14.03,27.73,3.33,9.23,42.5,,,,,,,,,,,,,,,,,,,,,,,,,,,,,,,
1916,3,47.84,208.43,22.95,219.81,4.17,6.55,14.57,28.71,3.44,9.4,43.93,,,,,,,,,,,,,,,,,,,,,,,,,,,,,,,
1916,4,51.92,208.64,24.89,220.97,4.03,6.47,15.27,30.28,3.58,10,49.48,,,,,,,,,,,,,,,,,,,,,,,,,,,,,,,
1917,1,53.2,203.4,26.16,222.14,4.32,6.45,15.99,30.44,3.8,9.3,54.06,,,,,,,,,,,,,,,,,,,,,,,,,,,,,,,
1917,2,60.9,210.64,28.91,223.31,5.03,6.69,16.54,32.75,4.01,9.02,61.37,,,,,,,,,,,,,,,,,,,,,,,,,,,,,,,
1917,3,63.17,211.98,29.8,224.49,5.26,6.85,16.92,33.68,4.15,8.48,63.86,,,,,,,,,,,,,,,,,,,,,,,,,,,,,,,
1917,4,64.89,219.7,29.54,225.68,5.69,7.07,17.37,33.85,4.33,7.17,63.28,,,,,,,,,,,,,,,,,,,,,,,,,,,,,,,
1918,1,67.24,229.84,29.26,226.87,5.9,7.12,17.87,35.14,4.58,7.31,64.35,,,,,,,,,,,,,,,,,,,,,,,,,,,,,,,
1918,2,75.37,248.53,30.33,228.07,6.08,7.18,17.97,35.37,4.79,7.37,66.29,,,,,,,,,,,,,,,,,,,,,,,,,,,,,,,
1918,3,81.82,254.6,32.14,229.29,6.11,7.26,18.77,36.72,4.94,7.54,69.45,,,,,,,,,,,,,,,,,,,,,,,,,,,,,,,
1918,4,81.81,244.35,33.48,230.49,6,7,19.65,38.24,5.33,7.94,70.33,,,,,,,,,,,,,,,,,,,,,,,,,,,,,,,
1919,1,77.97,229.01,34.05,231.7,5.29,7.12,20.18,39.64,5.3,8.3,68.03,3.39,12.51,27.09,1.73,7.66,22.63,1.62,7.32,22.16,-4.44,-15.4,4.21,12.71,33.13,43.91,141.43,31.05,10.29,15.54,66.22,4.13,6.87,60.08,8.48,50.95,16.64,91.99,207.46,55.62,21.62,11.32
1919,2,81.42,228,35.71,232.93,5.34,7.23,20.9,41.11,5.41,9.24,69.47,3.48,12.3,28.28,1.73,7.39,23.38,2.35,9.96,23.58,-7.52,-25.42,4.69,13.54,34.63,45.77,142.58,32.1,11.58,18.41,62.91,4.57,7.64,59.85,9.62,55.6,17.3,91.64,205.99,56.17,22.05,11.45
1919,3,87.29,229.53,38.03,234.16,5.38,7.06,21.81,43.11,5.47,9.53,73.36,4.45,15.26,29.12,2.01,8.16,24.65,2.99,11.88,25.15,-7.3,-23.79,6.26,16.56,37.81,48.59,143.47,33.87,10.76,16.22,66.3,5.73,8.88,64.55,10.05,55.92,17.96,92.05,204.74,57.45,21.7,11.48
1919,4,90.43,229.43,39.41,235.4,5.46,7.34,22.72,45.43,5.67,9.6,75.1,4.29,14.22,30.15,1.93,7.42,26,3.03,11.25,26.9,-8.52,-26.19,8.07,19.17,42.09,52.26,145.98,35.8,9.55,12.63,75.6,6.6,9.56,69.01,9.7,51.64,18.79,92.18,203.32,59.31,21.49,11.68
1920,1,95.98,227.51,42.19,236.64,6.42,7.78,23.22,46.86,5.82,8.9,81.42,5.16,16.46,31.35,2.44,8.54,28.59,3.55,11.96,29.72,-1.77,-4.99,7.42,16.44,45.11,54.76,144.14,37.99,11.85,16.88,70.21,7.73,9.55,80.95,6.43,31.89,20.15,92.86,202.2,60.39,20.98,12.21
1920,2,95.95,216.09,44.4,237.89,7.38,8.17,23.23,47.63,5.93,8.55,85.86,5.01,15.72,31.89,2.28,7.66,29.72,3.75,12.12,30.95,0.81,2.15,6.55,13.79,47.53,57.74,142.9,40.41,10.71,13.35,80.24,7.63,8.86,86.03,5.68,27.4,20.74,93.33,200.89,60.76,20.52,12.33
1920,3,93.84,212.44,44.17,239.15,8.13,8.52,23.05,47.7,6.02,8.13,82.97,4.78,14.74,32.46,1.7,5.71,29.71,3.32,10.6,31.35,2.94,7.88,6.53,13.35,48.94,57.27,143.43,39.93,9.91,12.93,76.7,7.59,9.11,83.33,5.63,26.84,20.98,93.54,199.1,61,21.34,12.7
1920,4,80.4,200.82,40.04,240.41,8.09,7.99,22.54,47.3,5.92,7.72,68.51,4,12.01,33.27,1.64,5.75,28.51,2.89,9.3,31.03,-1.02,-2.76,5.74,11.53,49.75,55.01,142.76,38.54,11.44,17.6,64.99,5.4,7.52,71.85,5.84,27.89,20.93,93.07,197.36,60.77,21.51,11.82
1921,1,69.78,191.68,36.4,241.68,7.71,8.5,21.57,46.05,5.68,7.32,55.26,3.19,9.66,33.02,1.62,6.23,25.96,2.39,8.26,28.93,-1.54,-4.49,4.81,9.83,48.98,53.2,146.86,36.22,7.09,12.25,57.87,3.74,6.71,55.79,6.37,31.95,19.93,92.02,195.76,60.13,23.53,12.01
1921,2,68.56,196.63,34.87,242.96,7.09,8.53,20.72,44.66,5.47,7.16,49.62,2.99,9.32,32.07,2.04,8.55,23.86,2.34,8.78,26.66,-4.41,-13.53,5.5,11.6,47.39,52.9,152.86,34.6,6.14,13.06,47.05,3.23,7.13,45.24,6.33,33.26,19.03,90.92,194.76,59.96,24.15,11.69
1921,3,69.35,202.42,34.26,244.25,6.17,8.48,20.29,43.76,5.26,6.82,48.21,2.88,9.14,31.54,2.21,9.63,22.9,2.3,8.99,25.55,-5.38,-16.8,5.64,12.53,45.03,53.23,155.24,34.29,5.82,13.49,43.14,2.97,7.43,39.98,6.3,33.81,18.62,89.82,194.06,60.04,24.12,11.38
1921,4,70.37,209.02,33.67,245.54,5.5,8.34,20.22,43.84,5.12,7.33,48.37,2.75,8.99,30.55,2.48,10.79,22.99,2.29,9.2,24.9,-3.34,-10.62,5.29,12.05,43.94,52.55,155.33,33.83,4.88,9.78,49.85,3.4,7.88,43.09,6.19,33.84,18.29,88.73,193.65,59.99,23.7,11.56
1922,1,69.65,216.05,32.24,246.84,4.88,7.7,20.36,43.87,5.06,7.83,47.66,2.67,8.82,30.24,2.81,12.15,23.11,2.31,9.33,24.76,-3.08,-10.13,5.17,12.01,43.03,50.42,154.09,32.72,4.72,10.89,43.36,3.64,8.42,43.2,5.89,32.38,18.2,87.63,193.59,59.93,23.69,11.57
1922,2,72.44,226.51,31.98,248.14,4.42,7.14,21.08,45.6,5.16,8.76,49.12,3.05,10.11,30.18,3.43,14.81,23.16,2.7,10.89,24.75,-4.36,-14.37,5.81,13.73,42.3,50.6,155.83,32.47,5.33,11.41,46.66,3.84,8.94,42.93,5.89,32.34,18.21,86.9,194.2,60.31,23.09,11.16
1922,3,75.49,233.41,32.34,249.45,4.13,6.89,21.49,47,5.19,8.98,51.14,3.29,10.88,30.24,3.46,14.91,23.23,2.64,10.6,24.85,-4.2,-13.86,6.01,14.23,42.22,51.65,159.2,32.44,5.22,11.32,46.06,4.26,9.8,43.45,5.96,32.61,18.26,86.38,194.82,60.79,22.96,11.04
1922,4,79.07,242.27,32.64,250.77,4.67,6.78,22.01,48.11,5.29,9.34,51.74,3.88,12.64,30.69,3.75,15.81,23.72,2.77,10.86,25.53,-2.62,-8.57,6.24,14.71,42.44,53.98,164.68,32.78,5.28,11.41,46.31,4.92,10.65,46.15,6.07,32.76,18.51,86.33,195.66,61.37,22.97,11.07
1923,1,84.71,251.51,33.68,252.09,4.75,6.98,22.21,49.07,5.39,9.6,53.29,4.27,13.96,30.6,4.02,16.6,24.19,3.14,12.16,25.82,-2.38,-7.76,7.1,16.56,42.89,54.89,167.16,32.83,5.34,10.2,52.37,5.2,9.96,52.17,5.93,32.15,18.45,86.61,196.68,62.38,22.97,11.39
1923,2,87.17,257.75,33.82,253.43,5.13,7.17,22.21,49.91,5.51,9.08,52.65,4.89,15.43,31.67,4.6,18.56,24.8,3.38,12.49,27.05,-0.96,-3.08,7.41,17.14,43.24,56.31,169.44,33.23,5.63,11.17,50.43,5.4,10.09,53.53,6.13,32.34,18.95,87.24,198.17,63.48,23.71,11.71
1923,3,84.68,253.39,33.42,254.77,5.21,7.34,22.31,50.05,5.55,8.46,50.89,4.76,14.73,32.33,4.28,17.31,24.7,3.27,11.92,27.45,0.36,1.14,7.37,16.92,43.56,56.36,166.87,33.78,5.61,11.58,48.51,4.81,9.37,51.34,6.28,32.73,19.2,87.68,199.33,64.47,23.98,11.61
1923,4,84.93,253.71,33.48,256.11,5.17,7.46,22.38,50.68,5.61,8.65,50.89,4.4,13.45,32.69,4.71,19.12,24.65,3.45,12.47,27.67,-2.01,-6.31,7.68,17.45,44.04,58.71,172.51,34.03,5.85,13.11,44.66,4.79,9.58,50.05,6.42,33.2,19.34,87.78,200.92,65.55,24.3,11.65
1924,1,87.3,260.65,33.49,258.73,4.88,7.24,22.38,50.86,5.58,9.18,51.22,4.55,13.99,32.57,4.95,19.89,24.88,3.72,13.42,27.75,-3.04,-9.51,8.24,18.56,44.39,60.8,179.55,33.86,5.95,11.52,51.63,4.79,9.2,51.99,6.54,33.78,19.35,88.01,202.68,66.84,23.81,11.5
1924,2,82.86,252.46,32.82,261.38,4.42,7.03,22.96,51.72,5.63,8.9,49.55,3.98,12.23,32.56,5.08,20.6,24.68,3.58,12.99,27.59,-4.1,-12.99,7.38,16.69,44.25,60.39,179.8,33.59,5.91,12.2,48.41,4.72,9.25,50.99,6.63,34.26,19.35,87.79,204.59,67.6,23.83,11.34
1924,3,82,249.84,32.82,264.05,3.29,6.67,23.74,53.37,5.7,9.61,49.83,3.94,12.01,32.8,5.13,21.08,24.35,3.28,11.91,27.52,-3.86,-12.23,6.99,15.8,44.23,60,177.91,33.72,5.99,12.95,46.24,4.71,9.71,48.5,6.75,34.7,19.46,87.52,206.59,68.11,23.6,10.89
1924,4,87.35,262.6,33.26,266.75,3.34,6.62,24.2,54.74,5.78,10.06,51.39,4.64,14.2,32.7,5.07,20.9,24.26,3.2,11.69,27.38,-2.8,-8.79,7.03,15.86,44.32,60.17,176.45,34.1,6.85,14.95,45.8,4.96,10.04,49.35,6.88,35.11,19.6,87.82,208.51,68.6,23.27,10.71
1925,1,91.08,268.68,33.9,269.47,3.75,6.44,24.47,55.81,5.83,11.01,53.51,4.74,14.61,32.43,5.14,20.9,24.58,3.16,11.55,27.41,-0.67,-2.09,7.71,17.4,44.31,58.81,171.66,34.26,7.01,14.52,48.31,5.33,9.87,54.03,7.09,35.4,20.02,88.2,210.4,69.45,21.89,9.96
1925,2,91.27,271.89,33.57,271.92,3.92,6.41,24.99,56.72,5.76,11.03,52.72,4.34,13.35,32.49,5.54,22.56,24.55,3.67,13.38,27.44,-0.35,-1.09,8.23,18.62,44.2,57.37,166.52,34.45,6.24,13,48.05,5.33,9.79,54.43,7.24,35.79,20.23,88.27,212.68,70.6,20.4,8.75
1925,3,94.41,278.86,33.86,274.39,4.04,6.2,25.64,58.2,5.78,11.78,53.6,4.56,14.07,32.37,5.83,23.71,24.59,4.18,15.29,27.37,-1.68,-5.2,8.3,18.76,44.25,58.55,165.95,35.28,6.71,13.98,47.96,5.81,10.46,55.56,7.33,36.12,20.3,88.53,215.2,71.73,20.25,8.79
1925,4,96.44,284.7,33.88,276.88,4.38,6.17,25.64,59.02,5.81,12.74,53.58,4.97,15.32,32.43,5.55,22.52,24.66,4.12,15.02,27.46,0.49,1.49,9.44,21.26,44.4,60.74,169.78,35.78,6.29,12.65,49.7,6.03,10.84,55.63,7.38,36.12,20.44,89.08,217.39,73.43,19.54,8.35
1926,1,96.6,287.33,33.62,279.4,4.34,6.09,25.58,59.39,5.88,12.94,52.65,5.1,15.71,32.47,5.77,23.52,24.54,4.18,15.26,27.4,-0.67,-2.06,9.24,20.88,44.27,62.48,174.81,35.74,6.44,14.54,44.33,6.24,11.57,53.95,7.17,34.8,20.6,89.71,219.79,74.94,19.57,8.28
1926,2,96.15,288.21,33.36,281.94,4.13,5.98,25.52,59.56,5.87,12.24,51.79,4.96,15.19,32.66,5.7,23.19,24.56,4.36,15.83,27.55,-0.14,-0.44,8.72,19.83,43.95,64.16,179.84,35.68,6.22,13.77,45.18,5.69,10.75,52.96,7.23,34.82,20.76,90.19,222.08,76.12,19.95,8.51
1926,3,97.93,295.01,33.19,284.5,4.34,5.79,25.33,59.67,5.88,13.28,51.29,5.06,15.48,32.67,5.6,22.72,24.64,4.44,16.08,27.61,-0.31,-0.96,8.6,19.58,43.92,64.78,184.72,35.07,6.75,14.93,45.23,5.76,10.78,53.42,7.33,35.2,20.82,90.72,224.21,77.17,20.75,9.09
1926,4,97.98,296.71,33.02,287.08,4.54,5.81,25.11,59.34,5.82,13.41,50.86,5.08,15.47,32.83,5.33,21.65,24.64,4.37,15.76,27.73,0.63,1.92,8.56,19.44,44.04,65.74,185.64,35.41,6.55,14.96,43.76,5.85,11.02,53.06,7.48,35.79,20.89,91.23,226.03,78.14,21.37,9.53
1927,1,95.94,295.63,32.45,289.69,4.17,5.61,25.36,60,5.84,13.94,49.36,4.96,15.04,32.99,4.93,20.23,24.38,4.25,15.37,27.65,1.46,4.5,8.66,19.69,43.96,64.1,183.27,34.98,6.52,14.76,44.14,5.36,10.44,51.35,7.69,36.94,20.82,91.61,227.47,79.12,20.99,9.02
1927,2,95.44,297.42,32.09,292.32,4.17,5.48,25.45,60.86,5.93,14.73,48.37,4.74,14.29,33.19,5.28,21.97,24.01,4.57,16.62,27.51,-1.16,-3.6,8.72,19.92,43.76,64.72,184.44,35.09,6.81,16.97,40.15,5.68,11.73,48.43,7.82,37.56,20.81,91.8,229.33,80.11,21.6,9.22
1927,3,94.77,292.78,32.37,294.98,4.08,5.55,25.54,61.26,5.9,15.86,49.16,4.56,13.75,33.18,5.17,21.39,24.16,4.49,16.27,27.6,-0.1,-0.32,8.25,18.86,43.74,64.07,184.53,34.72,6.42,15.45,41.57,5.64,11.43,49.37,7.94,38.01,20.88,91.84,231.01,80.78,21.44,9.11
1927,4,93.88,287.2,32.69,297.66,4,5.38,25.63,61.95,5.89,16.83,49.97,4.37,13.26,32.99,5.26,21.8,24.13,4.54,16.57,27.43,-1.33,-4.12,7.9,18.19,43.45,64.71,184.97,34.99,6.38,15.56,41,5.41,10.92,49.57,8,38.34,20.86,91.75,232.77,81.25,21.31,9.12
1928,1,94.31,289.4,32.59,300.37,4.04,5.35,25.85,62.95,5.86,17.49,49.48,4.64,14.06,33.01,4.59,19.06,24.06,4.55,16.66,27.34,-1.89,-5.85,8.35,19.14,43.63,65.75,189.52,34.69,6.55,15.25,42.98,5.44,11.19,48.56,8.01,38.27,20.92,91.87,233.81,81.94,21.83,9.5
1928,2,96.18,292.98,32.83,303.09,4.54,5.33,25.49,63.54,5.9,19.16,50.02,4.8,14.55,33.02,4.85,20.11,24.11,4.63,16.91,27.41,-2.23,-6.93,8.3,19.29,43,65.06,187.62,34.68,6.91,16.4,42.12,5.39,11.21,48.06,8.11,38.6,21.01,92.11,235.1,82.63,21.95,9.59
1928,3,99.01,299.71,33.04,305.85,5.38,5.58,25.62,63.03,5.84,19.42,50.5,5.03,15.24,33.04,4.72,19.51,24.19,4.27,15.55,27.48,-0.81,-2.51,8.74,20.05,43.57,67.08,192.72,34.81,6.79,15.79,42.97,5.51,11.48,48.02,8.23,39.02,21.09,92.51,236.22,83.47,21.73,9.5
1928,4,99.16,302.8,32.75,308.63,5.42,5.58,25.8,63.76,5.92,21.68,49.59,5.36,16.31,32.85,4.92,20.27,24.3,4.08,14.79,27.59,-1.44,-4.43,9.01,21.19,42.5,68.12,195.45,34.85,7.4,17.34,42.67,5.46,11.42,47.82,8.38,39.52,21.2,93.16,237.51,84.56,21.87,9.75
1929,1,101.03,308.94,32.7,311.43,5.59,5.63,25.74,63.46,5.88,24.24,49.43,5.54,16.47,33.63,5.64,23.04,24.5,4.17,15.04,27.71,-0.22,-0.67,9.71,21.58,44.98,67.48,194.56,34.68,7.52,17.25,43.59,5.91,12.49,47.34,8.6,40.18,21.4,93.83,239.47,85.69,22.62,10.02
1929,2,105.02,321.65,32.65,314.26,6,5.8,25.85,63.07,5.81,24.43,49.09,5.64,16.79,33.58,5.65,23.08,24.47,4.1,14.73,27.82,1.12,3.45,9.25,21.16,43.72,67.22,193.4,34.76,7.06,16.72,42.22,6.07,13.22,45.91,8.76,40.7,21.52,94.56,241.41,86.65,23.02,10.31
1929,3,106.72,323.69,32.97,317.12,6.13,5.95,26.16,63.61,5.9,28.12,49.69,5.84,17.4,33.54,5.1,20.87,24.45,3.57,12.82,27.87,2.74,8.35,9.37,21.35,43.87,69,196.2,35.17,6.9,16.32,42.28,5.93,13.13,45.14,8.89,41.24,21.56,95.41,242.77,87.62,22.83,10.25
1929,4,100.92,308.45,32.72,319.99,5.67,6.11,25.4,63.62,5.9,21.9,48.49,5.26,15.52,33.92,4.78,19.71,24.26,2.64,9.5,27.8,2.41,7.29,8.65,19.56,44.23,68.33,192.23,35.54,6.72,16.51,40.7,5.57,12.77,43.6,9.05,42.03,21.52,95.76,243.81,88.09,22.16,9.53
1930,1,96.53,297.27,32.47,321.53,4.63,5.92,25.39,62.65,5.77,21.36,47.15,4.75,14.67,32.39,4.8,20.14,23.83,2.34,8.43,27.75,1.33,4.16,7.69,17.96,42.79,64.42,186.93,34.46,6.17,15.19,40.6,5.02,12.2,41.17,9.38,43.86,21.39,95.88,244.95,88.14,22.27,10
1930,2,95.25,295.58,32.22,323.08,3.71,5.7,24.79,62.28,5.69,21.8,46.03,4.59,14.06,32.67,4.95,21.03,23.53,2.43,8.83,27.48,-0.71,-2.19,7.4,16.91,43.73,65.25,185.83,35.11,5.8,14.91,38.92,4.71,11.93,39.48,9.5,44.65,21.28,95.85,246.29,87.92,22.07,9.64
1930,3,88.35,281.13,31.43,324.69,3.08,5.77,24.56,62,5.73,19.27,43.53,4.16,12.83,32.45,4.02,17.3,23.22,1.88,6.92,27.13,-0.94,-3.03,6.61,15.74,42,60.47,181.06,33.4,5.24,13.93,37.6,4.1,10.8,37.94,9.57,45.17,21.18,95.51,246.68,87.42,23.1,10.13
1930,4,82.77,268.1,30.87,326.19,2.92,5.94,24.35,61.25,5.72,15.29,41.95,3.49,10.87,32.08,3.37,14.87,22.69,1.69,6.38,26.45,-0.42,-1.32,6.97,15.74,44.28,60.9,178.03,34.21,4.71,12.77,36.88,3.86,10.67,36.21,9.56,45.62,20.96,94.69,246.45,86.94,22.95,10.1
1931,1,80.66,268.66,30.02,327.75,2.67,6.41,23.94,60.16,5.83,15.29,39.73,3.09,9.67,31.95,3.03,13.74,22.03,1.85,7.14,25.85,-0.54,-1.86,5.76,15.19,37.93,56.13,179.01,31.36,4,12.25,32.68,3.46,10.08,34.3,9.53,45.96,20.74,93.6,245.94,86.35,26.02,11.51
1931,2,79.74,273.35,29.17,329.65,2.21,6.72,23.3,59.01,5.88,13.07,37.86,3.01,9.5,31.73,2.82,13.16,21.46,1.87,7.4,25.23,-0.69,-2.31,5.92,14.87,39.83,57.56,180.97,31.81,3.92,12.57,31.16,3.17,10.11,31.31,9.54,46.35,20.58,92.51,245.3,85.72,27.99,12.77
1931,3,74.99,262.62,28.55,331.56,2,7.08,22.53,57.11,6.08,11.9,37.03,2.65,8.43,31.41,2.2,10.45,21.05,1.5,6.13,24.46,-1.01,-3.54,5.34,14.24,37.47,53.48,176.74,30.26,3.36,11.34,29.64,3.11,10.31,30.13,9.49,46.63,20.35,91.2,243.99,84.95,30.28,14
1931,4,69.09,249.14,27.73,333.47,3.67,9.04,21.35,52.68,6.15,8.61,35.97,2.08,6.95,29.95,1.86,9.04,20.52,1.23,5.27,23.26,-1.19,-4.16,4.92,12.96,37.98,52.88,172.83,30.6,3.25,10.63,30.52,2.76,9.49,29.06,9.26,46.45,19.94,89.56,242.35,83.9,32.31,16.05
1932,1,63.84,240.16,26.58,335.4,3.8,9.13,20.56,49.62,6.21,7.41,34.33,1.93,6.1,31.71,1.4,7,20.02,0.78,3.56,21.85,-0.48,-1.78,4.21,12,35.07,48.07,168.82,28.47,2.65,10.11,26.2,2.43,9.02,26.98,8.62,44.35,19.43,87.77,240.22,82.67,38.23,17.84
1932,2,58.83,228.43,25.75,337.34,3.13,10.46,19.95,47.95,6.36,5.08,33.33,1.3,4.34,30.01,1.36,7.09,19.24,0.71,3.47,20.36,-1.49,-5.68,3.78,11.01,34.34,45.54,163.18,27.91,2.57,9.61,26.76,2.14,8.53,25.16,8.33,44.14,18.88,85.61,238.16,81.25,40.6,19.88
1932,3,56.08,220.46,25.44,339.29,2.29,10.79,19.92,46.72,6.47,6.37,33.54,1.33,4.56,29.2,1.27,6.78,18.81,0.64,3.27,19.54,-2.98,-11.43,3.46,10.18,33.94,44.54,159.66,27.9,2.31,8.9,25.89,1.85,7.6,24.38,8.23,44.3,18.58,83.58,236.04,79.7,41.9,20.96
1932,4,54.57,219.12,24.9,341.26,1.71,7.87,19.99,46.87,6.58,6.26,32.83,1.44,4.98,28.84,1.1,6.01,18.32,0.55,2.97,18.66,-2.28,-9.25,3.15,10.28,30.65,41.73,160.06,26.07,2.36,8.58,27.56,1.89,8.06,23.48,8.08,44.17,18.3,81.73,233.77,78.25,40.99,19.88
1933,1,49.78,206.38,24.11,343.23,1.92,8.01,19.01,44.25,7.26,5.93,31.13,0.95,3.66,25.86,0.89,4.86,18.26,0.38,2.03,18.64,-2.82,-11.02,3.35,9.61,34.85,41.62,153.06,27.19,1.97,9.11,21.6,1.65,8.18,20.18,7.91,42.45,18.63,79.62,231.24,76.7,35.95,19.45
1933,2,54.13,221.26,24.47,345.21,2.21,9.12,18.86,41.15,6.52,8.01,32.35,1.47,5.7,25.85,0.94,5.15,18.18,0.43,2.33,18.29,-1.88,-7.93,3.14,10.13,31.04,40.51,164.41,24.64,2.17,8.9,24.39,1.77,8.5,20.8,7.87,42.4,18.56,78.1,228.84,75.37,40.64,22.23
1933,3,61.55,238.85,25.77,347.21,1.5,6.62,18.92,41.45,6.56,9.96,35.98,1.94,7.2,26.97,0.97,4.87,19.82,0.48,2.35,20.44,0.84,3.1,3.82,11.55,33.12,47.92,166.82,28.73,2.67,9.22,28.98,2.4,9.22,26,8.35,42.89,19.46,77.01,226.4,74.45,33.44,18.47
1933,4,58.11,222.05,26.17,349.22,1.29,7.49,19.46,41.99,6.73,9.03,36.65,1.56,5.64,27.72,1.21,5.87,20.6,0.73,3.33,21.82,-1.26,-5.13,3.52,11.35,31,39.4,155.8,25.29,2.84,9.17,31.04,2.33,8.51,27.42,8.86,43.99,20.15,75.57,224.24,73.53,35.79,19.58
1934,1,62.88,234.29,26.84,351.24,1.38,7.01,20.34,43.37,6.93,10.08,37.75,2.18,7.34,29.69,1.2,6.01,20.01,0.78,3.53,22.02,-0.75,-2.66,4.06,11.29,35.99,48.37,161.43,29.96,3.01,9.66,31.16,2.33,8.47,27.53,9.66,47.22,20.46,74.61,222.16,72.64,31.91,15.51
1934,2,67.22,247.72,27.14,353.27,0.96,6.01,21.03,45.04,7.55,9.72,38.12,2.42,8.12,29.82,1.09,5.41,20.08,0.77,3.44,22.24,0.63,2.4,4.12,12.18,33.81,43.95,163.19,26.93,2.99,9.66,30.97,2.37,8.76,27.05,10.03,48.34,20.75,73.87,219.96,72.02,30.15,13.75
1934,3,65.5,237.19,27.61,355.31,0.88,6.13,22.01,46.63,7.82,8.91,39.35,1.86,6.19,30.12,1.14,5.66,20.14,0.78,3.52,22.14,-1.88,-6.77,4.2,12.15,34.55,48.53,165.35,29.35,3.17,10.34,30.65,2.3,8.76,26.31,10.2,48.89,20.87,72.69,217.86,71.43,26.94,11.82
1934,4,65.49,237.16,27.61,357.37,0.88,6.4,23,48.03,7.89,8.9,39.54,2.13,7.03,30.23,1.17,5.79,20.17,0.81,3.74,21.6,-1.59,-5.9,4.49,12.87,34.85,47.62,168.54,28.25,2.67,9.14,29.21,2.49,9.61,25.91,10.18,49.13,20.72,71.76,215.82,71.04,27.37,11.87
1935,1,70.36,252.31,27.89,359.44,0.79,5.98,24.03,50.16,8.37,8.72,40.88,2.59,8.75,29.65,1.12,5.3,21.09,0.86,3.95,21.66,1.33,4.79,4.74,14.09,33.62,49.28,169.12,29.14,3.32,10.52,31.57,2.94,11.27,26.08,10,48.57,20.59,71.29,213.69,70.98,24.07,10.6
1935,2,70.62,253.14,27.9,361.51,0.75,6.13,25.07,51.71,8.63,9.37,41.3,2.6,8.63,30.15,1.41,6.6,21.43,1.05,4.83,21.79,0.8,2.89,4.85,14.09,34.44,49.73,169.25,29.38,2.97,9.68,30.63,3.1,11.69,26.49,10.08,48.84,20.64,70.81,211.93,70.92,22.33,9.24
1935,3,72.43,260.14,27.84,363.61,0.75,5.67,26.29,53.67,9.01,10.71,41.38,2.9,9.72,29.78,1.2,5.65,21.3,1.1,5.09,21.51,0.95,3.47,5.12,15.19,33.71,50.05,173.32,28.88,3.42,11.03,31.02,3.25,12.06,26.92,10.16,49.52,20.53,70.62,209.95,71.14,20.33,7.81
1935,4,76.58,274.58,27.89,365.71,0.75,5.54,26.71,55.11,9.5,11.93,41.62,3.48,11.59,30.04,1.65,7.77,21.26,1.35,6.16,21.84,0.43,1.54,5.79,16.53,35.03,53.55,178.86,29.94,3.31,10.76,30.79,3.32,12.17,27.3,10.57,51.17,20.65,70.9,208.53,71.69,19.9,7.42
1936,1,76.81,275.9,27.84,367.82,0.75,5,27.52,55.93,9.71,13.7,41.42,3.44,11.72,29.32,1.65,7.91,20.89,1.29,5.76,22.4,-0.8,-2.93,5.72,17.31,33.03,51.61,179.96,28.68,3.64,11.71,31.07,3.3,11.86,27.86,11.81,56.53,20.89,71.21,207.18,72.4,19.89,7.05
1936,2,81.14,293.2,27.67,369.95,0.75,4.91,28.96,58.45,9.75,13.58,40.85,3.72,12.62,29.49,1.56,7.49,20.84,1.31,5.77,22.71,1.95,6.95,6.23,18.11,34.44,55.41,184.93,29.96,3.34,10.7,31.19,3.31,11.69,28.31,12.2,58.14,20.99,71.73,205.74,73.27,18.94,6.23
1936,3,84.71,301.59,28.09,372.09,0.75,4.84,29.55,60.13,10.36,14.57,41.92,4.16,14.11,29.49,1.82,8.69,20.96,1.67,7.28,22.9,1.17,4.25,6.46,19.11,33.78,55.35,189.86,29.15,3.74,11.89,31.46,3.43,11.9,28.85,12.35,58.69,21.04,72.6,204.62,74.35,20.1,6.85
1936,4,88.49,311.58,28.4,374.24,0.75,4.54,30.11,61.14,10.82,15.87,42.67,4.5,15.19,29.6,2.1,9.79,21.42,1.62,7,23.19,1.69,5.89,6.91,19.67,35.15,60.47,196.66,30.75,3.43,10.51,32.68,3.62,12.14,29.78,12.31,58.39,21.09,73.71,203.8,75.52,20.88,7.95
1937,1,90.6,310.53,29.17,376.41,0.75,4.49,30.3,62.04,10.96,16.65,44.72,4.9,16.23,30.21,2.35,10.34,22.74,1.72,7.28,23.55,2.45,8.77,6.85,20.06,34.15,57.72,196.48,29.38,4.5,13.14,34.28,4.4,13.54,32.49,11.65,55.55,20.96,75.04,203.12,76.72,22.12,8.86
1937,2,93.75,318.41,29.44,378.58,1,4.84,29.93,62.11,11.12,15.19,45.17,5.1,16.25,31.37,3.27,13.68,23.89,2,7.97,25.09,2.58,8.76,7.01,19.69,35.6,61.68,196.31,31.42,4.67,13.24,35.28,4.63,13.78,33.62,11.9,55.22,21.54,76.33,203.29,77.78,22.3,9.29
1937,3,93.94,317.21,29.62,380.77,1,4.91,29.28,62.01,11,14.91,45.2,5.28,16.41,32.18,2.6,10.76,24.17,1.76,6.8,25.86,3.37,11.62,7.24,20.23,35.8,58.45,192.5,30.36,4.84,14.06,34.46,4.27,13.23,32.26,12.16,55.61,21.87,77.61,202.73,78.91,23.35,9.74
1937,4,85.3,294.46,28.97,382.98,1,5.52,28.76,60.72,11.05,10.95,42.72,4.09,12.59,32.52,2.26,9.39,24.11,1.53,5.8,26.3,-0.81,-2.71,6.62,17.97,36.85,60.84,191.3,31.8,4.67,15.57,29.98,3.73,12.25,30.43,12.46,56.6,22.02,77.88,201.84,79.42,21.9,8.76
1938,1,81.08,282.02,28.75,385.19,0.96,5.89,28.84,60.97,11.39,10.31,41.35,3.43,10.49,32.74,2.21,9.31,23.76,1.52,5.8,26.14,-1.43,-5.04,5.51,15.25,36.15,56.22,190.01,29.59,4.7,13.47,34.87,3.2,10.66,30,12.96,59.4,21.81,77.62,200.94,79.23,23.39,9.55
1938,2,81.96,286.48,28.61,387.42,0.88,6.47,28.93,60.57,11.77,9.59,40.44,3.05,9.37,32.61,1.84,7.79,23.6,1.57,6,26.23,-0.97,-3.32,5.31,14.6,36.36,57.97,187.69,30.88,4.47,14.15,31.59,2.94,9.92,29.62,13.16,60.44,21.78,77.09,199.67,78.88,24.3,10.51
1938,3,87.03,303.22,28.7,389.66,0.73,5.63,30.24,61.68,12.19,11.35,40.45,3.49,10.8,32.28,2.01,8.65,23.28,2.06,7.98,25.89,-0.69,-2.44,5.62,15.57,36.1,58.15,195.28,29.78,4.27,13.44,31.75,3.01,10.23,29.45,13.18,61.05,21.59,76.94,198.64,78.79,23.88,10.09
1938,4,90.13,315.35,28.58,391.91,0.67,5.36,31.02,63.44,12.81,12.08,40.08,3.9,12.04,32.44,2.13,9.12,23.3,2.34,8.94,26.14,0.25,0.86,6.29,17.38,36.18,61.06,199.06,30.67,4.11,12.94,31.79,3.09,10.39,29.73,13.33,61.63,21.62,77.1,197.74,79.16,22.84,9.42
1939,1,88.59,312.34,28.36,394.18,0.56,5.12,31.48,64.09,13.11,11.79,39.65,3.68,11.37,32.41,2.21,9.65,22.95,2.6,9.91,26.2,-0.08,-0.28,6.6,18.36,35.94,58.33,197.87,29.48,4.27,13.84,30.87,3.16,10.7,29.58,13.41,62.49,21.46,77.09,196.99,79.76,23.44,9.5
1939,2,86.76,307.79,28.19,396.46,0.56,5.15,32.59,65.23,14.1,10.78,39.22,3.42,10.56,32.39,2.15,9.42,22.84,2.69,10.29,26.18,-0.76,-2.68,6.46,18.06,35.76,59.95,199.21,30.09,4.27,13.78,30.99,3.28,11.1,29.51,13.48,63.01,21.39,76.88,196.2,80.25,24.04,9.98
1939,3,90.37,319.32,28.3,398.75,0.6,4.84,34.65,67.81,15.11,11.55,39.47,3.92,12.16,32.24,1.99,8.72,22.86,2.8,10.73,26.13,-0.04,-0.14,6.71,18.6,36.1,60.25,201.77,29.86,4.45,13.92,31.99,3.25,10.66,30.52,13.52,63.4,21.32,77.07,195.24,80.85,23.73,9.83
1939,4,98.15,339.96,28.87,401.06,0.63,4.88,35.81,70.18,15.66,12.14,40.9,4.81,14.95,32.16,2.23,9.49,23.46,2.84,10.64,26.69,2.52,8.75,6.96,19.45,35.81,62.65,206.47,30.34,5.41,15.66,34.56,3.83,11.14,34.38,13.61,63.5,21.43,77.96,194.49,81.63,23.93,10.37
1940,1,95.49,330.14,28.92,403.38,0.56,4.86,36.84,71.94,16.17,11.91,40.68,4.91,14.86,33.04,1.74,7.43,23.38,2.51,9.28,27.04,1.64,5.65,7.63,20.54,37.13,62.1,205,30.29,5.45,15.38,35.42,3.65,11,33.16,13.36,62.52,21.36,78.79,193.24,82.65,23.76,9.77
1940,2,96.82,334.66,28.93,405.71,0.56,4.74,38.15,73.57,17.06,10.7,40.33,4.97,15.01,33.08,2.02,8.64,23.35,2.77,10.16,27.21,1.5,5.2,7.46,20.57,36.28,62.23,206.34,30.16,5.64,16.64,33.92,3.51,10.89,32.21,13.5,62.94,21.45,79.62,192.31,83.62,24.72,10.38
1940,3,100.92,348.32,28.97,408.06,0.56,4.8,39.49,75.62,18.04,10.15,40.09,5.39,16.3,33.06,2.56,10.99,23.28,3.46,12.75,27.12,3.2,10.93,7.84,21.07,37.24,64.38,208.67,30.85,5.06,14.95,33.86,3.65,11.43,31.91,13.99,64.7,21.63,80.75,191.98,84.67,24.91,10.6
1940,4,106.92,363.54,29.41,410.42,0.56,4.56,41.57,78.09,18.73,10.55,40.99,5.75,17.42,33,3.82,16.13,23.65,3.92,14.27,27.44,1.18,4.12,8.16,22.56,36.15,64.09,214.26,29.91,5.47,15.03,36.4,3.76,11.09,33.91,15.83,70.81,22.36,82.12,192.95,86.04,26.14,11.55
1941,1,110.65,371.18,29.81,412.79,0.56,4.38,43.78,81.68,19.28,10.05,41.78,5.95,17.56,33.88,3.42,14.37,23.83,3.5,12.52,27.93,0.69,2.31,9.36,23.89,39.17,67.7,214.07,31.62,4.92,14.05,34.99,4.2,12.45,33.71,22.9,94.27,24.29,83.47,193.45,87.67,24.48,10.22
1941,2,120.35,391.93,30.71,415.18,0.56,4.33,45.18,83.96,19.25,9.6,43.89,6.27,18.06,34.69,3.06,12.41,24.63,3.54,12.14,29.14,2.7,8.92,9.63,24.97,38.58,69.05,220.69,31.29,5.65,15.24,37.08,4.71,13.47,34.95,25.42,100.09,25.39,84.9,193.46,89.49,23.71,9.57
1941,3,131.4,412.57,31.85,417.58,0.5,4.28,46.35,86.25,19.18,10.23,46.59,6.68,18.83,35.47,4.19,16.55,25.35,4.81,15.92,30.2,3.69,11.71,9.99,25.06,39.87,74.37,224.83,33.08,6.19,16.48,37.59,4.83,13.44,35.94,26.14,100.63,25.98,86.46,194.5,91.24,21.34,7.98
1941,4,138.8,426.38,32.55,420,0.52,4.28,47.97,87.48,19.5,9.4,47.9,7.37,20.09,36.67,2.15,8.18,26.25,2.67,8.46,31.53,8.44,25.96,9.65,22.77,42.38,73.31,217.36,33.73,7.84,19.84,39.53,4.97,13.44,37.01,25.3,96.08,26.34,88.29,193.44,92.33,20.31,7.19
1942,1,148.12,441.54,33.55,422.43,0.62,4.29,50.5,90.14,19.9,8.59,49.93,,,,,,,,,,,,,,,,,,,,,,,,,,,,,,,
1942,2,152.57,446.44,34.18,424.87,0.64,4.26,53.55,93.76,20.42,8.03,50.93,,,,,,,,,,,,,,,,,,,,,,,,,,,,,,,
1942,3,161.11,466.52,34.53,427.33,0.69,4.3,57.84,99.51,21.3,8.64,51.17,,,,,,,,,,,,,,,,,,,,,,,,,,,,,,,
1942,4,172.57,492.72,35.02,429.8,0.69,4.24,62.62,106.34,22.25,9.44,51.82,,,,,,,,,,,,,,,,,,,,,,,,,,,,,,,
1943,1,182.22,510.87,35.67,432.28,0.69,4.16,67.12,114.83,23.82,10.62,52.94,,,,,,,,,,,,,,,,,,,,,,,,,,,,,,,
1943,2,188.69,522,36.15,434.78,0.69,3.96,72.8,119.9,23.74,11.81,53.6,,,,,,,,,,,,,,,,,,,,,,,,,,,,,,,
1943,3,195.56,539.31,36.26,437.3,0.69,3.81,73.72,128.78,25.55,12.03,53.22,,,,,,,,,,,,,,,,,,,,,,,,,,,,,,,
1943,4,202.31,554.55,36.48,439.83,0.69,3.82,76.98,130.91,25.96,11.56,53.17,,,,,,,,,,,,,,,,,,,,,,,,,,,,,,,
1944,1,205.77,559.06,36.81,442.37,0.69,3.76,80.19,136.24,27.04,11.91,53.44,,,,,,,,,,,,,,,,,,,,,,,,,,,,,,,
1944,2,208.28,562.33,37.04,444.93,0.74,3.68,83.03,143.16,28.93,12.22,53.7,,,,,,,,,,,,,,,,,,,,,,,,,,,,,,,
1944,3,211.9,571.49,37.08,447.5,0.75,3.57,88.13,149.06,29.92,12.8,53.66,,,,,,,,,,,,,,,,,,,,,,,,,,,,,,,
1944,4,216.63,583.66,37.12,450.09,0.75,3.55,91.52,158.54,31.98,12.94,53.87,,,,,,,,,,,,,,,,,,,,,,,,,,,,,,,
1945,1,220.99,595.55,37.11,452.7,0.75,3.46,95.45,165.67,32.89,13.79,54.2,,,,,,,,,,,,,,,,,,,,,,,,,,,,,,,
1945,2,220.85,588.95,37.5,455.31,0.75,3.36,97,171.3,34.29,14.73,54.7,,,,,,,,,,,,,,,,,,,,,,,,,,,,,,,
1945,3,207.8,546.93,37.99,457.95,0.75,3.26,100,177.07,35.11,15.15,54.5,,,,,,,,,,,,,,,,,,,,,,,,,,,,,,,
1945,4,198.81,509.24,39.04,460.6,0.75,3.2,100.69,182.01,35.77,16.96,54.9,,,,,,,,,,,,,,,,,,,,,,,,,,,,,,,
1946,1,198.18,488.02,40.53,463.26,0.75,3.01,102.28,183.38,35.94,17.87,55.6,,,,,,,,,,,,,,,,,,,,,,,,,,,,,,,
1946,2,198.43,471.71,42.06,465.94,0.75,2.96,104.85,189.42,36.02,18.65,57.4,,,,,,,,,,,,,,,,,,,,,,,,,,,,,,,
1946,3,217.12,479.68,45.26,468.64,0.8,3.03,105.66,192.71,36.35,16.95,65,,,,,,,,,,,,,,,,,,,,,,,,,,,,,,,
1946,4,225.82,473.73,47.66,471.35,0.94,3.15,106.38,194.09,36.19,14.86,71.3,,,,,,,,,,,,,,,,,,,,,,,,,,,,,,,
1947,1,225.1,466.05,48.3,474.07,1,3.13,108.07,196.69,36.52,15.39,74.3,15.2,32.4,46.91,8.1,19.03,42.56,8.9,17.94,49.6,0.5,0.1,19.4,28.91,67.1,136.5,273.25,49.95,20.63,32.8,62.9,7.9,13.81,57.2,24.6,74.77,32.9,118.5,188.5,91.1,15.67,6.73
1947,2,229.3,469.88,48.8,476.81,1,3.16,109.66,199.58,36.76,14.59,74.9,15.5,31.76,48.81,8.2,18.75,43.74,9,17.11,52.6,-1.1,-0.9,20,29.59,67.6,140,277.59,50.43,22.01,33.5,65.7,8.6,13.87,62,25.4,75.82,33.5,122.38,190.34,93.8,16.24,6.9
1947,3,233.6,470.02,49.7,479.57,1.01,3.18,110.54,201.77,37.01,15.43,76.8,15.3,30.77,49.72,8.5,18.79,45.25,10.6,19.7,53.8,-2.6,-2.9,20.3,29.81,68.1,143.2,277.46,51.61,21.88,32.8,66.7,8,13.11,61,25.5,76.35,33.4,125.88,192.17,96.41,16.31,7.05
1947,4,244,475.63,51.3,482.34,1.13,3.35,111.04,203.56,37.09,15.25,80.1,16.4,32.22,50.9,8.7,18.62,46.74,13.2,23.87,55.3,1.4,2.7,22,32.16,68.4,145.6,274.6,53.02,20.26,29.8,68,8.8,14.1,62.4,26.1,75.43,34.6,129.62,193.92,99.48,16.36,7.24
1948,1,250,479.85,52.1,484.43,1.35,3.52,110.74,204.11,37.01,14.41,81.8,17.6,34.4,51.17,9,18.69,48.17,13.3,23.71,56.1,3.4,4.1,22,32.12,68.5,148.3,276.71,53.59,19.68,28.2,69.8,10.1,15.59,64.8,27.7,76.52,36.2,133.78,195.67,102.38,16.32,7.5
1948,2,257.5,488.62,52.7,487.14,1.38,3.47,110.03,203.01,37.09,16.12,82.5,17,32.45,52.39,9.7,19.77,49.06,14.3,25.09,57,5.1,5.6,22.4,32.09,69.8,151.6,280.07,54.13,18.09,25.8,70.1,10.5,15.86,66.2,30.7,83.2,36.9,137.3,197.66,105.12,16.46,7.5
1948,3,264.5,492.55,53.7,490.76,1.46,3.37,110.08,203.28,37.67,16.04,84.1,17.4,31.76,54.79,10.3,20.57,50.07,14.1,24.14,58.4,6.1,6.9,23.7,32.96,71.9,153.2,279.66,54.78,18.28,26,70.3,11,16.47,66.8,33.2,86.91,38.2,140.54,199.82,107.94,16.8,7.41
1948,4,265.9,497.94,53.4,492.1,1.56,3.5,109.54,202.87,39.07,15.56,83,18.4,33.08,55.62,10.5,20.83,50.42,13,22.15,58.7,4.2,5.3,23.3,32.77,71.1,154.5,282.7,54.65,17.32,25.1,69,10.6,15.92,66.6,36,91.6,39.3,143.99,202.01,110.57,17.31,7.65
1949,1,260.5,492.44,52.9,493.9,1.56,3.46,109.13,202.18,38.82,15.01,80.7,17.1,30.82,55.49,10.1,20.31,49.73,12.1,20.47,59.1,0,-0.3,22.8,32.25,70.7,153.8,283.47,54.26,18.73,27.7,67.6,10.1,15.56,64.9,36.7,93.15,39.4,146.76,204.04,112.93,17.37,7.57
1949,2,257,490.46,52.4,497.4,1.56,3.45,109.22,202.73,37.83,14.55,78.6,16.4,28.77,57,9.7,19.81,48.96,11.9,20.17,59,-5.3,-7.1,24.8,35.43,70,153.4,284.38,53.94,18.1,27.3,66.3,9.9,15.76,62.8,38.4,96.73,39.7,148.92,205.91,115.96,17.94,7.49
1949,3,258.9,495.03,52.3,503.1,1.46,3.46,108.9,202.32,36.52,15.18,77.9,15.5,27.23,56.92,9.2,18.84,48.84,12.7,22.16,57.3,-1.7,-2.5,25.8,36.8,70.1,151.8,282.55,53.73,16.49,25.6,64.4,9.5,15.4,61.7,39.1,98.99,39.5,150.63,207.51,119.18,18,7.52
1949,4,256.8,491.01,52.3,508.7,1.36,3.36,109.05,202.32,35.53,16.18,77.7,15.2,26.84,56.62,9,18.41,48.88,14.4,25.17,57.2,-5.2,-7.7,26.8,37.69,71.1,153.3,284.83,53.82,14.26,22.6,63.1,9.6,15.64,61.4,39.2,98,40,152.18,208.98,122.46,17.85,7.45
1950,1,267.6,512.64,52.2,515,1.31,3.24,110.2,203.97,35.44,17.15,77.9,15.4,27.11,56.81,9.4,19.3,48.7,16.4,28.72,57.1,2.4,4.4,27.7,38.85,71.3,155.1,288.71,53.72,14.03,22.6,62.1,10.1,16.21,62.3,37.7,98.69,38.2,153.74,210.66,125.85,17.88,7.35
1950,2,277.1,525.81,52.7,520.8,1.31,3.23,111.75,206.58,35.61,18.34,78.9,17.5,30.49,57.41,9.8,20.11,48.74,18.5,31.57,58.6,4.7,7.7,28.1,39.19,71.7,158.6,294.41,53.87,14.38,23.3,61.7,10.8,16.77,64.4,36.9,96.34,38.3,156.09,212.5,129.16,17.98,7.32
1950,3,294.8,543.91,54.2,526.6,1.46,3.32,112.95,208.09,35.69,18.3,83.4,19.8,33.76,58.65,10.5,21.04,49.9,20.4,33.44,61,4.7,8,35.6,48.97,72.7,164.8,298.86,55.14,15.26,23.8,64.1,13.6,19.77,68.8,38,95.48,39.8,159.18,214.56,134.74,18.08,7.47
1950,4,306.3,555.9,55.1,532.5,1.71,3.22,113.93,209.32,35.86,19.82,87.1,20,33.3,60.06,11.3,21.67,52.14,19.2,31.58,60.8,15.1,22.1,31.5,43.21,72.9,166.3,296.61,56.07,16.68,24.6,67.8,14.3,19.27,74.2,41.4,101.97,40.6,162.05,216.74,138.59,17.99,7.33
1951,1,320.4,564.09,56.8,538.5,1.95,3.17,115.08,211.11,37.17,21.61,92.1,19.8,31.74,62.38,11.7,21.56,54.26,18.7,29.73,62.9,10.5,13.4,33.8,44.3,76.3,174.5,301.31,57.91,18.32,25.8,71,15.6,19.65,79.4,49.6,115.62,42.9,164.43,218.86,142.52,19.38,8.24
1951,2,328.3,575.97,57,544.6,2.19,3.35,116.19,212.75,38,21.8,91.9,20.1,32.28,62.28,12.4,22.4,55.37,16.3,25.55,63.8,15.1,19.9,28.9,38.08,75.9,175,299.94,58.35,21.04,28.2,74.6,15.9,18.91,84.1,56.7,128.57,44.1,166.87,221.15,144.69,19.11,8.14
1951,3,335,587.72,57,550.7,2.25,3.53,117.76,215.64,38.49,22.77,90.3,20.6,33.19,62.06,12.5,22.22,56.26,15.2,23.71,64.1,10.4,14.6,28.3,37.14,76.2,178,303.88,58.58,22.08,30,73.6,15,18.03,83.2,64.4,141.23,45.6,169.45,223.37,146.51,19.9,8.95
1951,4,339.2,588.89,57.6,556.9,2.26,3.5,119.89,219.48,38.91,23.16,90.2,20.6,32.98,62.46,12.1,21.34,56.69,15.5,23.92,64.8,5.2,7,28.3,36.85,76.8,184.5,309.74,59.57,22.3,30.5,73.1,14.7,18.26,80.5,69.6,149.04,46.7,171.89,225.34,148.17,20.58,9.69
1952,1,341.9,593.58,57.6,563.3,2.38,3.5,121.31,222.64,39.4,23.92,89.4,20.7,33.16,62.42,12.2,21.35,57.14,16,24.58,65.1,5.2,7.3,28.9,37.58,76.9,182.3,305.18,59.73,22.58,30.8,73.3,15.6,19.33,80.7,70.9,152.8,46.4,174.29,227.27,149.92,19.85,9.04
1952,2,342.1,593.92,57.6,569.6,2.32,3.5,122.37,224.83,39.63,23.95,88.5,21.2,33.52,63.24,12.3,21.61,56.92,16.4,24.96,65.7,-2.4,-2.7,29,38.26,75.8,186.1,310.48,59.94,20.61,28,73.6,15.3,19.17,79.8,75.5,159.28,47.4,176.69,229.25,151.75,19.77,8.63
1952,3,347.8,600.69,57.9,576,2.31,3.5,123.64,227.58,40.03,25.01,88.8,18,28.58,62.98,12.4,21.81,56.86,16.5,24.89,66.3,4.2,5.4,27.3,35.78,76.3,189.9,314.52,60.38,19.13,26.2,73,15.9,20.33,78.2,77.5,163.85,47.3,177.78,231.24,152.87,19.11,8.19
1952,4,360,614.33,58.6,582.4,2.31,3.54,124.72,230.46,40.5,25.11,87.7,20.3,31.79,63.86,12.8,22.63,56.57,17.2,25.98,66.2,5.4,7.2,31.4,40.46,77.6,193.6,318.36,60.81,19.18,26.6,72.1,17,21.85,77.8,78.3,163.13,48,179.64,233.41,155.1,19.05,7.89
1953,1,366.1,622.62,58.8,589,2.33,3.51,125.33,232.24,40.73,26.01,87.2,21.7,34.05,63.72,13.3,23.32,57.04,17.5,26.52,66,2.3,3.9,32.9,42.34,77.7,195.4,320.59,60.95,18.91,26.3,71.9,16.5,21.6,76.4,81.7,167.76,48.7,182,235.71,157.69,18.42,7.49
1953,2,369.4,628.23,58.8,595.6,2.62,3.65,126.05,234.44,40.93,24.5,87,21.7,33.68,64.42,13.7,23.71,57.77,17.6,26.63,66.1,3.1,5.1,32.8,41.94,78.2,197.1,322.67,61.08,19.16,26.8,71.5,17.1,22.65,75.5,82.6,170.31,48.5,184.18,238.09,160.04,18.71,7.62
1953,3,368.4,624.41,59,602.3,2.75,3.86,126.22,235.81,41.27,23.98,87.9,22.5,34.72,64.8,13.9,23.84,58.3,17.1,25.64,66.7,0.7,1.9,32.5,41.77,77.8,198,321.86,61.52,19.47,27,72.1,17,22.43,75.8,82.4,169.9,48.5,186.55,240.45,162.23,19.35,8.35
1953,4,363.1,618.57,58.7,609.1,2.37,3.82,126.37,237.32,41.17,24.43,87.4,21.8,33.89,64.32,14.1,24.23,58.18,16.9,25.45,66.4,-4.6,-5,31.9,42.53,75,198.1,320.27,61.85,18.96,26.3,72.1,16.3,21.59,75.5,83.4,171.96,48.5,188.63,242.88,164.5,20.26,9.37
1954,1,362.5,610.27,59.4,616,2.04,3.71,126.54,239.25,41.27,26.02,87.8,21,32.24,65.14,14,24.44,57.29,17,25.76,66,-2.5,-3.4,31.2,40.94,76.2,200.7,322.75,62.18,18.32,25.7,71.3,15.5,20.53,75.5,79.5,162.58,48.9,190.22,245.33,166.25,20.5,9.63
1954,2,362.3,607.89,59.6,618.3,1.63,3.47,127.18,241.44,41.27,28.44,87.8,20.8,31.45,66.13,14,24.67,56.75,18.3,27.64,66.2,-2.7,-4.1,31.8,41.35,76.9,202.4,324.69,62.34,20.31,28.4,71.5,16.9,21.81,77.5,75.4,155.79,48.4,191.57,247.79,168.01,20.93,9.85
1954,3,366.7,616.3,59.5,622.9,1.36,3.5,128.38,244.74,41.27,30.77,87.6,21.5,32.57,66.01,14.1,24.8,56.85,19.7,29.4,67,-2.2,-2.7,31.3,42.41,73.8,205.1,329.43,62.26,19.78,27.9,70.9,16,20.67,77.4,74.6,153.81,48.5,193.14,250.26,169.95,20.95,9.9
1954,4,375.6,628.09,59.8,627.5,1.31,3.46,129.72,247.34,41.53,33.53,87.1,21.5,32.19,66.8,14.1,24.81,56.83,21,31.34,67,1.2,1.5,33,45.14,73.1,207.8,333.27,62.35,20.86,29.3,71.2,16.2,20.98,77.2,73.4,151.65,48.4,194.57,252.68,172.47,21.03,9.84
1955,1,388.2,643.78,60.3,632.2,1.61,3.45,131.07,250.09,41.53,36.3,87.5,21.5,32.43,66.29,14.5,25.44,57,22.8,33.83,67.4,4.7,5.9,36.2,48.07,75.3,210.6,337.09,62.48,21.51,30.3,71,16.9,22.01,76.8,74.3,152.88,48.6,196.01,255.23,175.6,21.05,10.02
1955,2,396.2,652.72,60.7,636.9,1.97,3.49,131.88,251.74,41.67,38.38,87.8,23.5,35.47,66.25,14.9,25.98,57.35,23.4,34.36,68.1,6.1,8,38.6,51.26,75.3,213.3,340.84,62.58,21.24,29.7,71.5,17.9,23.43,76.4,74.1,150.92,49.1,198.16,257.87,179.36,20.57,9.73
1955,3,404.8,663.61,61,641.7,2.33,3.52,132.4,252.97,41.7,43.15,88.1,25.4,37.68,67.41,15.5,26.67,58.12,23.1,33.62,68.7,6.1,7.8,40.3,52.68,76.5,215.7,343.65,62.77,22.46,31.2,72,18.3,23.95,76.4,75.4,153.56,49.1,200.79,260.65,183.27,20.56,9.61
1955,4,411,669.38,61.4,646.5,2.83,3.59,132.64,253.93,41.83,44.14,88.4,26.7,39.22,68.08,16.2,27.3,59.33,22,31.98,68.8,7.1,9.2,39.4,52.25,75.4,220.6,350.45,62.95,22.8,31.4,72.6,18.9,24.42,77.4,76.2,152.1,50.1,203.71,263.54,186.89,20.93,9.94
1956,1,412.8,666.88,61.9,651.3,3,3.6,133.11,254.62,42.07,45.36,89.2,25.9,37.39,69.27,17.5,28.3,61.83,21.3,30.6,69.6,6.1,7.5,37.6,49.28,76.3,223.7,353.75,63.24,24.29,33,73.6,19.8,25.35,78.1,77.2,151.97,50.8,206.08,266.64,189.57,21.47,10.62
1956,2,418.4,670.51,62.4,656.2,3.26,3.68,133.38,255.85,42.1,46.95,90.6,26.4,37.32,70.74,18.1,29.38,61.61,21.5,30.41,70.7,4.4,5.5,37.6,48.83,77,226.2,354.97,63.72,25.68,34.8,73.8,19.8,25.29,78.3,79.3,153.98,51.5,208.35,269.96,192,21.68,10.46
1956,3,423.5,671.16,63.1,661.6,3.35,3.8,133.48,256.95,42.13,48.04,91.1,27.3,37.81,72.21,18.8,29.75,63.19,21.1,29.76,70.9,4.1,4.9,37.3,48.07,77.6,229.5,356.58,64.36,26.75,36.2,73.9,20.1,25.74,78.1,79.7,152.98,52.1,210.66,273.32,194.11,21.72,10.47
1956,4,432.1,678.34,63.7,667,3.63,4.17,134.09,258.6,42.4,46.15,92,27.6,37.35,73.9,19,29.79,63.77,20.7,29.28,70.7,4.3,5.4,38.9,48.75,79.8,232.9,360.28,64.64,27.53,37.1,74.2,19.4,24.65,78.7,81.3,154.86,52.5,212.78,276.65,196.29,22.24,10.67
1957,1,440.2,683.54,64.4,672.6,3.63,4.49,134.29,260.8,42.47,44.31,92.7,28.7,38.09,75.34,19,29.48,64.45,20.1,28.43,70.7,2,2.5,40,49.94,80.1,236.1,361.88,65.24,30.06,39.4,76.3,21,26.32,79.8,86.2,160.22,53.8,215.01,279.84,198.65,22.5,10.6
1957,2,442.3,683.62,64.7,677,3.68,4.44,134.36,262.72,42.53,46.46,93,28.6,37.91,75.44,19.2,29.44,65.23,19.7,27.79,70.9,2.3,2.9,39.5,48.77,81,238.8,363.8,65.64,29.87,39.1,76.4,21.1,26.44,79.8,86.6,161.27,53.7,217.12,282.98,200.59,22.45,10.7
1957,3,449.4,688.21,65.3,684.2,3.95,4.73,134.26,264.5,42.53,46.11,93.8,29.7,39.25,75.67,19.2,29.33,65.47,19.6,27.49,71.3,3.3,3.7,39.1,47.98,81.5,243.7,366.96,66.41,29.07,37.7,77.1,20.6,25.81,79.8,87.5,161.44,54.2,219.49,286.04,202.24,22.68,11
1957,4,444,678.9,65.4,686.9,3.99,4.99,133.48,265.19,42.53,40.64,93.8,29.1,37.8,76.99,19.1,29.32,65.15,19.5,27.62,70.6,-2.3,-3,38.8,47.96,80.9,245.6,367.84,66.77,27.52,35.6,77.3,20.5,26.05,78.7,88.1,161.95,54.4,221.42,289.05,203.8,22.9,10.8
1958,1,436.8,665.85,65.6,691.1,2.82,4.83,133.72,267.93,42.7,41.5,94.6,25.8,33.89,76.13,18.4,28.87,63.74,19,26.91,70.6,-5.4,-6.8,36.8,45.15,81.5,247.2,365.86,67.57,25.15,33,76.2,20.4,26.36,77.4,91.2,165.22,55.2,222.3,291.91,204.58,22.52,10.47
1958,2,440.7,669.76,65.8,700.6,1.72,4.67,135.22,274.52,43.2,43.6,94.7,24.8,32.33,76.71,17.8,27.76,64.11,19,26.87,70.7,-5.1,-6.2,36,44.5,80.9,250.8,370.48,67.7,25.13,33.2,75.7,21,27.42,76.6,94.2,168.82,55.8,222.76,294.44,205.15,22.64,10.51
1958,3,453.9,685.65,66.2,711.3,2.13,4.53,136.64,279.33,43.37,47.55,94.5,24.6,31.83,77.29,17.3,26.94,64.21,20.4,28.81,70.8,0.2,0.3,36.7,45.09,81.4,255,375.92,67.83,25.07,33.2,75.5,20.7,27.17,76.2,96.1,171,56.2,223.09,296.74,205.84,22.61,10.43
1958,4,467,702.26,66.5,717.1,3.21,4.92,138.48,282.62,43.53,52.31,94.5,26.1,33.54,77.83,17.7,27.42,64.54,22.6,31.92,70.8,4,5.3,38,46.68,81.4,257.4,378.66,67.98,25.07,33.2,75.5,21.8,28.76,75.8,98.7,174.69,56.5,223.83,299.11,206.9,23.12,10.88
1959,1,477,711.94,67,716.1,3.3,4.87,140.35,286.6,43.7,55.51,94.8,27.6,35.29,78.2,17.5,27.21,64.31,25.1,35.6,70.5,4.3,5.5,41.2,49.4,83.4,262.2,384.62,68.17,24.17,32.1,75.3,22.4,29.79,75.2,97.8,171.58,57,224.98,301.4,208.58,22.97,10.71
1959,2,490.6,725.74,67.6,721,3.6,4.86,141.75,291,43.9,57.51,95.1,28.7,36.43,78.78,18.2,28.2,64.53,26,36.88,70.5,10.1,12.6,43,51.25,83.9,266.1,388.46,68.5,24.62,32.7,75.3,23.6,31.09,75.9,98,171.03,57.3,226.38,303.91,210.63,22.89,10.64
1959,3,489,721.24,67.8,723.7,4.19,5.08,142.23,294.9,44.07,58.73,94.8,29.6,37.51,78.9,18.7,29.03,64.42,25.5,36.12,70.6,1.4,1.4,43.9,52.14,84.2,270.3,390.99,69.13,26.66,35.4,75.3,24,31.79,75.5,97.5,170.16,57.3,228,306.58,212.8,23.07,10.84
1959,4,495,727.94,68,736,4.76,5.28,141.2,296.1,43.93,57.76,94.4,29.6,37.66,78.61,18.6,28.87,64.43,24.7,34.94,70.7,6.8,8.7,41.6,49.7,83.7,274.6,395.01,69.52,26.45,34.9,75.8,23.6,30.93,76.3,97,169.28,57.3,229.6,309.17,214.25,23.52,11.42
1960,1,506.9,741.08,68.4,740.8,4.69,5.34,140.83,297.2,43.87,56.28,94.9,30.6,38.64,79.19,19.6,30.29,64.71,25.4,35.88,70.8,10.4,12.7,43,51.07,84.2,276.8,397.15,69.7,28.5,37.3,76.4,23.9,31.12,76.8,97.3,169.22,57.5,231.39,312.08,215.97,23.84,11.78
1960,2,506.3,738.05,68.6,747.2,4.07,5.2,140.83,299.9,43.93,56.07,95,31.3,39.33,79.58,19,29.7,63.98,23.3,32.86,70.9,2.8,3.3,43.9,52.32,83.9,282,401.99,70.15,29.45,38.2,77.1,24,31.13,77.1,99.3,172.4,57.6,233.29,314.79,217.91,23.87,11.67
1960,3,508,737.3,68.9,752.1,3.37,5.22,142,305.3,44.03,55.72,94.7,30,37.56,79.88,19.2,30.13,63.72,22.4,31.5,71.1,2.6,3.4,43.4,51.79,83.8,282.6,400.91,70.49,30.3,38.9,77.9,23.4,30.47,76.8,101.8,174.32,58.4,234.69,317.57,219.62,23.93,11.68
1960,4,504.8,731.59,69,758.5,3.27,5.11,141.98,309.8,44.07,55.33,94.9,28.9,36.18,79.88,19.9,31.43,63.31,22.3,31.45,70.9,-4.2,-5.3,42.2,50.54,83.5,285.8,402.65,70.98,30.22,39.2,77.1,22.3,29.3,76.1,102.7,175.56,58.5,235.69,320.64,220.93,23.92,11.67
1961,1,508.2,737.59,68.9,767.9,3.01,5.1,142.85,314.8,44.7,62,95.2,27.9,35.05,79.59,20,31.58,63.34,22.2,31.31,70.9,-3.2,-4.1,39.7,47.72,83.2,288.9,406.47,71.08,30.8,39.9,77.2,22.3,29.3,76.1,105,179.49,58.5,236.38,323.69,221.46,23.8,11.68
1961,2,519.2,750.29,69.2,775,2.86,5.01,143.88,320.7,44.67,65.98,94.3,29.2,36.65,79.67,19.6,30.91,63.41,22.5,31.73,70.9,1.6,1.8,40.7,48.34,84.2,292.3,411.63,71.01,29.64,37.8,78.4,22.5,29.53,76.2,106.8,181.02,59,237.44,326.54,222.13,23.78,11.73
1961,3,528.2,760,69.5,781.7,2.9,5.09,144.9,326.2,45.13,66.83,94.3,29.4,37,79.47,19.6,30.88,63.47,23.9,33.71,70.9,5.1,6.5,41.9,49.41,84.8,293.8,412.02,71.31,30.77,39.4,78.1,24,31.54,76.1,108.4,182.8,59.3,238.55,329.33,223.02,23.66,11.76
1961,4,542.6,778.48,69.7,789.2,3.06,5.13,146.18,331.8,45.8,70.27,94.4,31.1,39.19,79.35,20,31.34,63.83,24.4,34.41,70.9,5.8,7.7,44,51.83,84.9,298.8,418.48,71.4,31.51,40.3,78.2,24.5,32.24,76,112.3,188.42,59.6,240.17,332.19,224.48,23.51,11.86
1962,1,554.2,789.46,70.2,797.7,3.24,5.08,147.18,338.9,46.1,69.86,94.9,31.9,40.11,79.54,19.9,31.28,63.61,24.9,34.97,71.2,8.2,10.4,45,52.88,85.1,302.5,421.6,71.75,31.08,40,77.7,24.8,33.16,74.8,116.1,191.27,60.7,242.25,335,226.12,21.34,10.7
1962,2,562.7,798.16,70.5,805.6,3.2,5.02,147.95,345.9,46.57,62.22,94.4,32.7,41.12,79.52,20.7,32.44,63.8,26.1,36.66,71.2,6.4,8.1,46.3,54.22,85.4,306.7,425.44,72.09,32.93,42.6,77.3,25.4,33.96,74.8,116.8,191.79,60.9,243.54,338.06,228.01,21.51,10.75
1962,3,568.9,805.81,70.6,810,3.33,5.05,147.9,351.3,46.9,57.83,94.9,32.9,41.25,79.75,21.5,33.69,63.82,26.2,36.85,71.1,5.8,7.5,46.8,54.67,85.6,310.2,428.82,72.34,32.84,42.6,77.1,25.6,34.45,74.3,118.8,194.75,61,244.82,341.38,229.92,21.94,11.03
1962,4,574.3,807.74,71.1,813.3,3.26,4.99,148.93,358.4,47.4,59.62,94.8,32.9,41.15,79.95,21.1,32.96,64.02,26.1,36.71,71.1,4.4,5.3,48.8,57.08,85.5,314.6,433.13,72.63,32.49,42.2,77,26,35.04,74.2,120.4,194.82,61.8,246.02,344.47,232.33,21.85,11.01
1963,1,582,815.13,71.4,821,3.31,4.91,150.45,366.3,47.93,65.55,94.4,33.5,41.86,80.04,20.3,31.61,64.23,27,37.87,71.3,5.6,7.4,49.8,58.11,85.7,317.3,434.77,72.98,32.35,41.9,77.2,25.6,34.32,74.6,122.1,195.67,62.4,247.35,347.17,234.88,21.2,10.64
1963,2,590.7,826.15,71.5,828.2,3.32,4.87,151.93,374.2,48.5,69.67,94.3,34.1,42.72,79.83,21.2,32.97,64.3,28.9,40.82,70.8,6.2,7.9,51.1,59.35,86.1,320,437.91,73.07,34.72,44.8,77.5,26.4,35.11,75.2,121.3,195.02,62.2,248.85,350.17,237.6,21.13,10.67
1963,3,601.8,839.33,71.7,839.8,3.7,4.84,153.38,381.9,49.17,70.97,94.6,35.5,44.47,79.82,21.2,33.06,64.13,29.2,41.83,69.8,6.4,8,51.9,60.14,86.3,326,443.74,73.47,35.08,45.2,77.6,27.2,35.79,76,124.3,199.2,62.4,250.74,353.15,240.38,21.21,10.69
1963,4,612.4,848.2,72.2,847.6,3.91,4.83,154.8,389.3,49.87,73.27,94.7,36.8,46.05,79.91,21.8,33.76,64.57,30.3,43.1,70.3,5.6,6.7,52.9,61.02,86.7,329.2,446.64,73.71,36.7,47.3,77.6,27.3,35.78,76.3,127,200,63.5,252.94,356.27,243.24,21.23,10.73
1964,1,625.3,863.67,72.4,857.4,3.95,4.83,155.85,395.8,50.57,77.55,94.8,37.8,47.19,80.1,22,34.02,64.67,30.4,43.74,69.5,5.4,6.9,55,63.15,87.1,335.6,453.45,74.01,38.85,50,77.7,27.6,35.84,77,128.3,201.73,63.6,255.35,359.39,246.48,22.14,10.56
1964,2,634,873.28,72.6,864.7,3.93,4.85,157.2,402.5,51.17,80.3,94.4,38.6,48.02,80.39,22.8,35.16,64.85,29.5,41.84,70.5,5.8,7.4,56.4,64.75,87.1,341.4,460.65,74.11,38.38,49.2,78,28.4,36.74,77.3,130,203.44,63.9,257.88,362.76,249.95,21.72,10.29
1964,3,642.8,880.55,73,869,3.91,4.83,159.75,411.7,52,82.88,94.7,39.8,49.45,80.48,23.4,35.86,65.25,29,40.56,71.5,4.6,5.5,58.2,66.74,87.2,347.6,467.42,74.37,39.72,50.6,78.5,29.1,37.74,77.1,130,202.18,64.3,260.68,366.25,253.75,21.77,10.37
1964,4,648.8,886.34,73.2,871.7,4.06,4.53,161.63,420.2,52.73,84.75,94.9,40.9,51.01,80.17,23.9,36.51,65.46,28.7,39.97,71.8,6.7,8.6,56.1,64.56,86.9,351.5,470.82,74.66,40.55,51.4,78.9,30,38.86,77.2,130.9,202.95,64.5,263.76,369.85,256.8,21.26,10
1965,1,668.8,906.23,73.8,880.8,4.3,4.8,162.9,428.5,53.4,86.57,95.4,44.2,54.85,80.58,25.5,38.77,65.78,29.5,41.03,71.9,12.3,14.8,61.6,70.48,87.4,356.3,475.65,74.91,37.59,46.7,80.5,29.1,37.5,77.6,131.6,202.15,65.1,267.68,373.96,261.18,21.31,10.14
1965,2,681.7,919.97,74.1,888.6,4.38,4.8,163.9,435.7,54.03,87.43,96.3,45,55.72,80.76,27.2,41.22,65.98,30.1,42.33,71.1,9.5,11.3,61.5,70.69,87,362.9,480.31,75.56,43.2,53.6,80.6,32.7,42.19,77.5,135.6,207.34,65.4,271.68,378.63,265.38,21.3,10.11
1965,3,696.4,933.51,74.6,901.8,4.38,4.88,166.05,444.1,54.77,86.93,97,47.5,58.83,80.74,28,41.9,66.83,29.6,40.88,72.4,9.1,11,63.3,73.09,86.6,369.6,486.27,76.01,42.85,53.1,80.7,33,42.25,78.1,140.1,211.63,66.2,276.3,383.39,269.97,21.01,10.17
1965,4,717.2,956.27,75,910.7,4.47,4.93,169.1,454,55.83,91.76,97.6,49.2,60.79,80.93,29.7,44.14,67.29,29.3,40.41,72.5,8.5,10,65.6,76.1,86.2,380.8,497.98,76.47,43.04,53.6,80.3,34.4,43.65,78.8,146.1,217.74,67.1,281.25,388.64,275.07,21.1,10.21
1966,1,738.5,975.56,75.7,923,4.97,5.06,171.95,462.5,56.63,91.63,99.1,51.8,63.7,81.32,30.5,44.84,68.01,29.4,40.5,72.6,13.1,15.6,68.7,79.79,86.1,387.5,501.49,77.27,43.93,54.1,81.2,36,45.69,78.8,150,221.24,67.8,286.74,393.98,280.83,21.58,10.63
1966,2,750,979.11,76.6,931,5.43,5.41,172.98,468.3,57.47,88.15,99.5,53.7,65.56,81.9,30.3,43.74,69.28,28.8,38.45,74.9,14.6,17.1,66,76.3,86.5,394.5,505.65,78.02,44.33,53.8,82.4,37,46.42,79.7,155.3,224.75,69.1,292.49,398.97,285.42,21.73,10.96
1966,3,760.6,987.79,77,940.1,5.79,5.68,172.8,471.3,58.13,81.43,100.6,54.1,65.65,82.4,31.4,45.05,69.7,26.8,36.07,74.3,11.2,13.6,68.5,78.83,86.9,400.9,509.95,78.62,45.54,54.6,83.4,39.4,49.31,79.9,162,233.77,69.3,298.05,404.21,290.41,21.81,10.97
1966,4,774.9,996.01,77.8,951.8,6,6.1,173.33,476.2,58.47,79.82,99.9,55.2,66.35,83.19,30.8,43.73,70.43,23.6,31.22,75.6,17.5,20.8,68.8,78.72,87.4,405.4,511.55,79.25,46.45,55.1,84.3,39.8,49.44,80.5,167.3,238.66,70.1,303.57,409.05,295.11,22.03,11.31
1967,1,780.7,997.06,78.3,963.7,5.45,5.97,175.25,484,59.33,87.08,99.9,53.3,63.69,83.68,31.2,43.87,71.12,23.3,30.54,76.3,12.4,14.5,67.3,77.27,87.1,411.5,517.63,79.5,47.8,56.9,84,40.6,50.5,80.4,174.9,244.27,71.6,308.23,413.84,299.2,22.02,11.21
1967,2,788.6,1004.59,78.5,971.4,4.72,5.83,178.1,495.5,60.2,91.66,90.7,54.3,64.58,84.08,30.5,42.43,71.89,26.3,34.47,76.3,6,7.3,70.6,80.69,87.5,416.9,521.83,79.89,47.01,56.1,83.8,40.1,50.13,80,177.5,246.94,71.88,312.94,418.2,303.94,21.85,11.05
1967,3,805.7,1016.02,79.3,985,4.97,6.26,181.93,509.5,61.17,94.44,100.1,53.9,63.73,84.58,31,42.71,72.59,28.4,36.84,77.1,10.2,11.8,70.8,80,88.5,423.2,525.18,80.58,47.29,56.3,84,40.6,50.56,80.3,182,250.69,72.6,317.26,422.57,308.27,22.22,11.6
1967,4,823.3,1027.84,80.1,991.2,5.3,6.52,184.73,520.3,62.23,94.54,100.3,56,65.74,85.19,31.2,42.45,73.49,30.5,39.51,77.2,12.9,15.2,71.6,80,89.5,429.2,528.05,81.28,48.27,57.4,84.1,42.8,53.7,79.7,186.5,252.37,73.9,321.92,426.81,312.37,22.35,11.85
1968,1,841.2,1036.22,81.18,997.2,5.58,6.84,187.15,529.3,63.27,91.63,101.7,58.2,67.69,85.98,32.7,43.78,74.68,31.5,40.08,78.6,4.7,5.4,76.8,85.24,90.1,441,535.59,82.34,49.44,59,83.8,45.7,56.98,80.2,192.4,256.53,75,326.89,431.31,317.57,22.12,11.99
1968,2,867.2,1056.02,82.12,1010.1,6.08,6.97,190.63,538.1,64.1,98.02,102.3,57.3,65.95,86.88,32.6,43.08,75.68,33,41.35,79.8,10.7,12.2,78.7,86.87,90.6,451.4,542.97,83.14,51.63,60.1,85.9,46.9,57.76,81.2,198.6,260.97,76.1,331.25,435.57,322.91,22.33,12.19
1968,3,884.9,1068.72,82.8,1018.7,5.96,6.98,194.3,549,65.17,99.92,102.7,59.1,67.32,87.79,32.7,42.92,76.18,33.5,41.56,80.6,8.5,9.8,83,90.81,91.4,462.6,551.46,83.89,54.57,63.6,85.8,49.9,61.68,80.9,201,262.4,76.6,335.79,439.73,328.96,21.95,11.86
1968,4,900.3,1071.28,84.04,1023.7,5.96,6.84,198.55,561.8,66.47,105.21,103.3,61.7,69.65,88.58,34.2,44.35,77.11,35,42.27,82.8,7.7,8.6,83.3,90.45,92.1,470.7,554.25,84.93,53.52,62.3,85.9,49.8,61.18,81.4,204,261.2,78.1,340.74,444.18,334.6,21.86,11.75
1969,1,921.2,1084.15,84.97,1035.7,6.66,7.32,201.73,571.2,67.4,100.93,104.8,64.1,72.04,88.98,35.5,45.08,78.75,37.1,43.6,85.1,10.4,11.7,85.3,92.32,92.4,480.5,559.52,85.88,49.73,57.1,87.1,45.9,55.84,82.2,204.5,258.53,79.1,346.1,448.75,340.42,22.05,12.22
1969,2,937.4,1088.73,86.1,1043.6,7.54,7.54,203.18,576.5,67.93,101.67,106.2,65.2,72.78,89.59,36.3,45.05,80.59,37.5,43.3,86.6,10.4,11.8,85.7,92.05,93.1,491.2,564.15,87.07,58.98,67.4,87.5,55.3,67.03,82.5,207.4,259.25,80,351.45,453.24,345.88,22.11,12.59
1969,3,955.3,1091.9,87.49,1053.8,8.49,7.7,204.18,580.3,68.5,94.47,107,66.5,73.58,90.38,39,47.18,82.66,36.3,40.92,88.7,12.3,13.7,85.9,91.77,93.6,500.8,567.72,88.21,59.54,67.2,88.6,55.6,66.91,83.1,210.7,256.95,82,356.8,458.2,350.98,22.47,13.09
1969,4,962,1085.53,88.62,1060.6,8.62,8.22,206.1,585.2,69.43,94.28,108,66.6,73.12,91.08,38.8,45.99,84.37,34.9,38.86,89.8,6.2,7,86,91.2,94.3,511.7,572.37,89.4,61.81,68.3,90.5,56.6,66.51,85.1,212.4,254.98,83.3,361.84,462.78,355.68,22.48,13.38
1970,1,972,1081.32,89.89,1071.2,8.55,8.86,207.9,587.3,70.2,88.71,109.6,66.5,72.22,92.08,38.5,44.89,85.76,34.7,38.68,89.7,1.6,2.1,84.9,89.75,94.6,523,577.58,90.55,63.64,69.4,91.7,57.1,66.16,86.3,216.4,252.8,85.6,366.47,467.02,359.77,23.19,14.21
1970,2,986.3,1083.01,91.07,1082.4,8.17,8.7,209.78,593.1,71.33,79.2,110.1,66.7,71.81,92.88,39.1,44.72,87.44,33.4,36.78,90.8,4.4,5,86.3,90.75,95.1,530.6,579.86,91.5,66.71,71.5,93.3,58.6,66.97,87.5,217.7,249.66,87.2,370.82,471.15,363.9,22.53,13.71
1970,3,1003.6,1093.37,91.79,1091.6,7.84,9.4,212.78,603.5,72.67,78.74,110.8,67.3,71.92,93.57,39.6,44.48,89.02,34.9,38.69,90.2,6,6.5,87.3,91.13,95.8,540.9,585.32,92.41,66.08,70.6,93.6,59.6,66.37,89.8,221.1,250.97,88.1,375.04,475.16,367.92,22.81,14.31
1970,4,1009,1084.6,93.03,1105.2,6.29,9.33,216.08,619.1,74,86.23,110.9,64.6,68.17,94.76,40.1,44.16,90.8,38.5,42.45,90.7,0.9,1.4,82.4,84.77,97.2,551.6,588.89,93.67,66.32,70.4,94.2,60.7,66.78,90.9,225.3,250.89,89.8,378.17,479.03,370.14,22.72,14.45
1971,1,1049.3,1111.55,94.4,1119.2,4.59,8.74,220.28,640.4,75.63,96.73,112.6,66.2,68.85,96.15,40.3,43.75,92.11,42.3,45.98,92,10.6,11.2,93,93.94,99,559.8,592.83,94.43,68.37,70.7,96.7,61,66.02,92.4,229.7,249.95,91.9,381.35,482.74,374.53,21.26,13.3
1971,2,1068.9,1116.93,95.7,1130.9,5.04,8.45,225.25,666.6,77.1,101.47,113.9,68.4,70.48,97.04,40.8,43.49,93.81,47.8,50.69,94.3,9.9,10.4,95.9,96.38,99.5,570.1,596.79,95.53,69.14,71.2,97.1,65.6,70.92,92.5,232.4,248.29,93.6,384.82,486.33,379.31,20.42,12.8
1971,3,1086.6,1125.78,96.52,1136.9,5.74,8.76,228.45,684.6,78.67,98.55,114.8,68.9,70.57,97.64,41.7,43.8,95.2,51.3,53.83,95.3,6.8,7,98.2,99.09,99.1,579.4,598.94,96.74,71.75,74.2,96.7,67.9,72.54,93.6,236.4,250.42,94.4,388.18,489.94,384.52,20.42,13.14
1971,4,1105.8,1135.43,97.39,1140.4,5.07,8.48,230.7,702.9,79.6,96.41,114.9,71.3,72.66,98.13,41.8,43.05,97.1,54.3,56.1,96.8,3.2,3.6,102,103.55,98.5,590.6,604.88,97.64,66.01,67.7,97.5,64.3,67.9,94.7,240.9,251.46,95.8,391.94,493.31,390.58,19.88,12.83
1972,1,1142.4,1157.21,98.72,1155.9,4.06,8.23,235.6,725.2,81,105.41,117,74.7,75.36,99.12,43.5,44.17,98.49,58.9,60.29,97.7,6.2,6.3,105.6,106.24,99.4,604,612.31,98.64,74,74.9,98.8,74.3,76.92,96.6,249.7,254.54,98.1,396.23,496.91,396.99,19.94,12.88
1972,2,1171.7,1178.54,99.42,1170.2,4.58,8.24,239.38,744.3,82.63,108.16,118.2,76.6,76.6,100,44.3,44.66,99.2,60.3,61.22,98.5,12,12.1,109,109,100,618.4,622.11,99.4,73.75,74.2,99.4,74,74.6,99.2,251.5,253.27,99.3,400.68,500.58,403.77,19.85,12.75
1972,3,1196.1,1193.12,100.25,1177.4,4.94,8.23,244.55,768.5,84.1,109.2,119.9,78.3,77.92,100.49,45,44.87,100.3,61.4,61.28,100.2,12.8,12.8,112.2,111.64,100.5,632,629.76,100.36,77.97,78.2,99.7,76.5,75.74,101,252.9,252.4,100.2,405.29,504.24,410.85,19.94,13
1972,4,1233.5,1214.79,101.54,1191,5.33,8.06,250.7,793.4,86.23,114.04,121.2,84,83.75,100.29,46.7,45.82,101.92,65.6,63.38,103.5,9.8,9.7,117.6,117.6,100,649.4,639.5,101.55,84.07,82.5,101.9,82.1,79.63,103.1,258.3,252,102.5,411.19,508.09,419.06,19.75,13.12
1973,1,1283.5,1246.72,102.95,1202.5,6.28,7.9,254.8,813.8,88.23,115,127.1,88.9,88.55,100.39,48.3,46.57,103.71,68.1,64.55,105.5,16.3,16,125.5,124.75,100.6,664.6,644.43,103.13,95.82,91,105.3,88.8,83.38,106.5,264.9,254.71,104,418.06,512.06,428.64,19.43,12.88
1973,2,1307.6,1248.31,104.75,1210.8,7.47,8.09,258.4,827.9,89.97,107.41,133.2,93.9,92.62,101.38,50.8,47.74,106.42,66.9,61.6,108.6,15.4,15.2,124.3,122.46,101.5,678.6,644.24,105.33,105.01,95.9,109.5,93.5,82.09,113.9,266.3,251.23,106,425.7,516.27,437.15,19.54,13.24
1973,3,1337.7,1255.7,106.53,1221,9.87,8.24,261.03,840.3,91.73,105.08,138.7,96,93.78,102.37,53.2,48.89,108.83,65.2,58.84,110.8,15.2,13.8,123.4,120.86,102.1,697.3,649.91,107.29,114.07,99.8,114.3,95.6,80.47,118.8,268.9,251.31,107,433.35,520.7,444.82,19.42,13.32
1973,4,1376.7,1266.05,108.74,1234.5,8.98,8.41,264.68,851.6,93.23,102.22,139.9,97.5,94.15,103.56,54.3,48.65,111.62,62.1,54.86,113.2,27,23.7,120.2,117.15,102.6,714.1,650.22,109.82,123.49,102.4,120.6,103.6,81.13,127.7,281.6,256.47,109.8,440.81,525.01,451.16,19.16,13.25
1974,1,1387.7,1253.34,110.72,1237.5,8.3,8.58,268.77,868.7,95.37,95.67,149.2,99.5,95.43,104.26,55.5,47.69,116.38,58.2,50,116.4,12.6,13.2,118.5,114.49,103.5,735,647.99,113.43,136.85,108.1,126.6,114.7,79.82,143.7,286.8,258.15,111.1,448.31,529.01,456.52,18.99,13.58
1974,2,1423.8,1254.67,113.48,1252.8,10.46,8.88,271.23,880,97.57,90.64,154.5,101.1,94.78,106.66,57.8,46.37,124.65,56.2,46.99,119.6,17.8,12.6,121.7,114.7,106.1,756.9,650.2,116.41,146.4,111.5,131.3,134.6,93.6,143.8,300.6,261.62,114.9,455.37,532.62,461.65,19,14.33
1974,3,1451.6,1246.86,116.42,1264.7,11.53,9.55,273.73,889.6,99.47,75.66,165.4,105.2,95.23,110.47,57.2,42.87,133.42,54.8,44.59,122.9,10.7,7.7,127.4,115.82,110,779.3,654.05,119.15,147.49,107.5,137.2,139.8,81.37,171.8,309.2,262.03,118,462.28,535.3,466.79,19.3,15.22
1974,4,1473.8,1230.32,119.79,1273.3,9.05,10.41,276.73,902.4,101.6,69.42,171.2,104.2,89.8,116.04,58.5,41.99,139.33,49.9,39.7,125.7,15.4,12.9,118.5,104.5,113.4,795.6,652.85,121.87,154.15,106.9,144.2,142.1,80.33,176.9,319.7,262.91,121.6,467.57,537.72,468.84,19.6,15.45
1975,1,1479.8,1204.26,122.88,1279.9,6.56,10.62,278.75,920.1,103.2,78.81,171.2,101.6,83.71,121.38,55.8,39.01,143.03,48.2,37.36,129,-14.2,-14.3,122.4,106.53,114.9,812.7,657.52,123.6,156,104,150,130.3,71.83,181.4,327.7,264.27,124,471.14,539.36,471.29,18.78,13.97
1975,2,1516.7,1218.82,124.44,1291.6,5.92,10.34,283.8,954.3,105.2,89.07,173,102.6,81.68,125.62,55.1,38.21,144.2,49.9,38.15,130.8,-14.6,-11.3,127.1,109.01,116.6,834.5,667.23,125.07,149.15,100.3,148.7,120.7,66.8,180.7,333.6,264.34,126.2,474.08,540.77,474.24,18.21,12.67
1975,3,1578.5,1246.05,126.68,1307.9,6.67,10.33,288.13,989.1,107.4,87.62,176.7,105.2,82.51,127.5,56.7,39.13,144.91,53.5,40.62,131.7,2.1,1,136.7,115.95,117.9,855.4,670.49,127.58,152.73,102.5,149,127.8,71.72,178.2,344,268.12,128.3,477.11,542.39,478.77,17.83,12.14
1975,4,1621.8,1257.31,128.99,1316.5,6.12,10.37,290.88,1014,109.4,89.11,178.6,107.3,82.67,129.79,58,39.74,145.93,57.9,43.08,134.4,-0.8,-2.3,142.6,119.23,119.6,874.3,675.17,129.49,161.96,107.4,150.8,133.8,75.08,178.2,354.3,269.84,131.3,480.08,544.14,483.88,17.64,11.85
1976,1,1672,1284.97,130.12,1327.3,5.29,10.24,295.18,1046,111.5,99.53,179.5,111.1,84.43,131.58,58.8,40.15,146.44,63.6,46.76,136,15.3,10,152,125.1,121.5,895.8,685.59,130.66,163.98,107.6,152.4,145.6,80.89,180,357,268.42,133,483.37,545.97,490.2,17.77,11.95
1976,2,1698.6,1293.68,131.3,1336.7,5.57,9.83,299.53,1080,114.3,101.62,182.1,114.4,86.27,132.61,59.3,40.02,148.18,67.3,48.14,139.8,17.3,11.3,154.6,125.59,123.1,912.6,692.05,131.87,170.18,109.3,155.7,153.4,83.32,184.1,358.1,266.44,134.4,487,547.74,496.32,17.64,11.87
1976,3,1729,1301.08,132.89,1353.6,5.53,9.63,303.35,1110,116.3,104.31,184.3,120.1,89.37,134.39,60.3,40.34,149.47,67.8,47.61,142.4,11.4,7.3,158.1,126.89,124.6,936.1,700.22,133.69,173.65,111.6,155.6,161.4,85.94,187.8,362.8,265.98,136.4,491.27,549.56,502.44,17.89,12.11
1976,4,1772.5,1313.06,134.99,1362.8,4.99,9.29,309.35,1152,118.6,102.58,186,123.7,91.1,135.78,61.1,40.42,151.18,76.6,52.29,146.5,3.3,2.4,162.6,128.54,126.5,965.3,710.67,135.83,177.47,111.9,158.6,168.1,88.52,189.9,370.4,266.09,139.2,495.81,551.37,508.66,17.37,11.59
1977,1,1834.8,1341.23,136.8,1374.6,4.81,9.08,316.55,1192,120.8,101.78,190.1,133.8,97.4,137.37,61.6,39.97,154.11,81,53.57,151.2,22.4,10.5,173.7,135.7,128,990.1,715.89,138.3,177.82,111,160.2,180,88.76,202.8,377.9,268.51,140.74,501.76,553.04,516.35,17.37,11.49
1977,2,1895.1,1363.28,139.01,1384.7,5.24,9.07,321.8,1225,121,99.03,194.7,140.7,101.25,138.96,65.3,41.32,158.05,91.9,58.61,156.8,20.8,13.8,175.7,136.84,128.4,1010.5,719.02,140.54,184.97,113.9,162.4,186.8,91.3,204.6,390.7,271.34,143.99,508.45,555.02,523.93,17.57,11.83
1977,3,1954.4,1385.8,141.03,1398.8,5.81,8.87,327.6,1254,123.8,98.05,194.9,144.2,101.81,141.64,68.2,42.61,160.06,95.3,59.9,159.1,27.6,18.7,179.4,138.64,129.4,1038,727.99,142.59,186.85,115.2,162.2,187.2,90.26,207.4,398.7,273.66,145.69,515.04,557.3,531.57,17.8,11.93
1977,4,1988.9,1388.51,143.24,1407.4,6.59,8.89,334.8,1285,126.5,93.95,197.2,154.1,106.86,144.21,69.5,42.14,164.93,99.6,59.29,168,13,10.1,186.4,142.29,131,1068,738.8,144.56,181.25,111.4,162.7,192.9,93.19,207,408,275.81,147.93,522.64,559.43,539.73,18.5,12.87
1978,1,2031.7,1400.01,145.12,1419,6.8,9.17,341.13,1309,129.5,89.35,202,154.7,105.39,146.79,72.1,43.21,166.85,98.9,58.52,169,25,17.3,185,139.52,132.6,1093.3,744.59,146.83,195.46,118.1,165.5,207.2,99.04,209.2,412.8,274.57,150.34,529.59,561.79,546.77,19.36,14
1978,2,2139.5,1436.97,148.89,1430.7,7.2,9.32,348.7,1334,132.5,95.93,208,164.6,110.77,148.6,78.7,45.43,173.25,107.4,60.64,177.1,27,18.4,200.1,148.11,135.1,1129.9,752.53,150.15,213.17,124.3,171.5,217.2,101.92,213.1,424.4,276.4,153.55,537.63,564.67,555.6,19.99,15.29
1978,3,2202.5,1448.82,152.02,1442.4,8.08,9.6,355.45,1361,135.3,101.66,211.2,168.4,111.6,150.9,83.3,46.39,179.57,109.6,59.79,183.3,19.1,13.3,202,147.02,137.4,1167.9,764.29,152.81,223.98,128.8,173.9,222.9,103.53,215.3,439.3,280.06,156.86,545.58,567.74,563.7,19.8,15.31
1978,4,2281.6,1468.4,155.38,1454.4,9.9,9.59,361.38,1393,138.1,97.13,216,175.7,115.06,152.71,87.6,47.31,185.17,111.6,58.86,189.6,17.7,15.2,210.2,150.79,139.4,1206.4,772.79,156.11,242.18,135.6,178.6,232,106.23,218.4,451.1,280.14,161.03,554.1,571,572.32,19.4,15.23
1979,1,2335.5,1472.57,158.6,1464.4,10.1,10.13,367.08,1415,140.6,99.35,223.9,182.6,117.57,155.32,88.9,46.64,190.63,112.5,58.08,193.7,24.3,12.9,212.5,149.65,142,1241.7,775.81,160.05,256.22,138.8,184.6,238.9,105.38,226.7,456.9,280.59,162.84,562.93,574.05,580.22,19.78,15.94
1979,2,2377.9,1469.2,161.85,1475.2,10.03,10.33,376.1,1451,143.3,101.18,231.8,182.5,115.24,158.37,94.8,48.84,194.09,112.9,56.34,200.4,33,13.7,207.4,144.13,143.9,1270.6,778.4,163.23,268.16,140.4,191,259.1,108.96,237.8,464.5,280.18,165.79,570.84,577.59,586.32,19.34,15.4
1979,3,2454.8,1486.59,165.13,1486.2,10.6,10.29,384.58,1489,146.4,106.22,239.1,191.9,119.09,161.14,101.6,50.43,201.48,114.9,55.51,207,13.3,4.8,213.3,146.7,145.4,1315.8,786.61,167.28,290.64,149.2,194.8,274.5,109.36,251,478.5,280.97,170.3,579.43,581.49,592.76,19.02,15.12
1979,4,2502.9,1489.38,168.05,1497.2,13.1,11.4,388.38,1517.3,149.4,105.3,247.5,188.1,115.53,162.82,107.4,51.78,207.41,115.4,54.93,210.1,-0.9,-2.3,216.1,146.01,148,1366.2,795.62,171.71,310.61,156.4,198.6,300,112.15,267.5,497.6,285.29,174.42,586.81,585.66,598.69,19.82,16.68
1980,1,2572.9,1496.4,171.94,1508.3,14.25,12.42,394.3,1518.9,152.3,110.3,259,203.6,123,165.53,113.6,52.3,217.21,106.4,49.47,215.1,-1.6,-0.5,220.7,145.2,152,1399.7,793,176.51,335.38,164.4,204,322.5,114.52,281.6,517.6,283.93,182.3,595.78,589.89,604.11,20.57,18.64
1980,2,2578.8,1461.4,176.46,1519.5,10.62,14.19,390,1535.7,154.6,108.4,264.2,193.9,115.7,167.59,110,49.1,224.03,87.4,39.62,220.6,3,-2.1,200.8,129.97,154.5,1425.7,789.6,180.56,336.65,161,209.1,314.2,108.42,289.8,535.5,286.82,186.7,602.6,593.27,605.45,21.85,21.22
1980,3,2639.1,1464.2,180.24,1530.8,9.65,12.67,405.5,1588,158.5,123.28,272.9,200.2,118.1,169.52,111.2,47.9,232.15,93.5,41.52,225.2,-25.4,-10.1,213.8,135.57,157.7,1469.5,793.8,185.12,337.67,156.4,215.9,300.5,102.91,292,539.1,284.04,189.8,609.76,596.29,608.11,19.59,18.21
1980,4,2736,1477.9,185.13,1542.1,14.51,14.23,416.1,1625.8,162.6,133.12,279.2,205.8,119.4,172.36,116,48.9,237.22,105,46.4,226.29,-15.1,-4.7,223.6,139,160.86,1518.3,800.9,189.57,345.4,154.7,223.27,322,109.3,294.6,559,282.5,197.88,616.98,599.52,611.51,20.98,20.64
1981,1,2875.8,1513.5,190.01,1553.6,14.52,15.03,420.9,1654.5,163.8,131.52,287.6,215.3,123.3,174.62,123.4,50.8,242.91,107.6,46.4,231.9,21.9,8.1,237.8,146.1,162.77,1560.2,804.1,194.03,368.4,161.2,228.54,335.3,112.5,298.04,576.6,286,201.61,624.81,603.1,616.33,21.02,21.19
1981,2,2918,1511.7,193.03,1565.1,15.35,15.56,429.3,1697.7,166.4,132.81,294.1,220.6,123.1,179.2,131.9,52.8,249.81,104.9,44.5,235.73,23.7,12.4,232.4,140,166,1596.9,809.1,197.37,369.8,161,229.69,347.5,116.3,298.8,585.3,285.1,205.3,632.55,607.02,619.67,21.53,21.91
1981,3,3009.3,1522.1,197.71,1576.7,16.27,16.17,432.6,1731.7,168.3,125.68,296.1,226,125.2,180.51,143.6,55.6,258.27,96.9,40.2,241.05,39.7,17.5,242.5,143.5,168.99,1634.8,812.1,201.31,368.7,159.3,231.45,343.9,118.7,289.72,601.3,287.4,209.22,640.45,611.39,623.67,22.07,23.47
1981,4,3027.9,1501.3,201.69,1588.4,12.94,17.11,437.5,1777.2,169.9,122.17,295.8,225.3,123.8,181.99,147.4,55.7,264.63,90,36.8,244.57,18.9,7.2,228.9,134,170.82,1662.9,812.9,204.56,372.8,159.4,233.88,341.1,118.2,288.58,622.7,289.6,215.02,647.63,615.98,625.21,22.45,25.23
1982,1,3026,1483.5,203.98,1600.2,13.7,17.1,448.8,1819.8,173.5,114.21,298.3,220.1,121.7,180.86,149.8,55.8,268.46,83.4,33.9,246.02,-17,-6.7,239.4,138.5,172.85,1691.8,815.2,207.53,359.4,152.2,236.14,331.7,117.3,282.78,630.9,290.2,217.4,653.78,620.36,627.58,22.43,25.24
1982,2,3061.2,1480.5,206.77,1612.1,13.48,16.78,451.3,1853.2,177,114.12,298.6,211.8,115.1,184.01,144.4,54.4,265.44,85.9,35,245.43,-10.9,-4,241.6,138.8,174.06,1717.2,820.1,209.63,366.3,155.1,236.17,330.8,121,273.39,633.7,287,220.8,658.26,624.68,630.07,22.24,24.79
1982,3,3080.1,1477.1,208.52,1624,11.53,16.8,458.2,1896.6,180,113.82,300,207.1,113.4,182.63,139.7,52.9,264.08,84.5,34.4,245.64,-15.3,-6.4,244.5,139.3,175.52,1756.7,824.9,212.96,346.3,146.6,236.22,339.7,120.9,280.98,656.3,292.8,224.15,661.88,628.63,632.13,22.32,24.9
1982,4,3109.6,1478.8,210.28,1636.1,8.81,14.73,475.7,1946.7,183.8,136.71,300.3,204.3,111.6,183.07,140.5,52.7,266.6,92.5,38.1,242.78,-61.1,-24.6,255,145.2,175.62,1791.2,831.1,215.52,321.7,136.7,235.33,315.4,112.6,280.11,681,300.6,226.55,664.87,632.42,635.32,20.39,21.81
1983,1,3173.8,1491,212.86,1648.4,8.34,13.94,490.9,2046.3,189,147.65,300.5,207.6,114.5,181.31,131.4,49.4,265.99,108.9,43.8,248.63,-42.9,-16.5,259.4,146.8,176.7,1811,835.6,216.73,328.5,138.2,237.7,308.9,115.3,267.91,678.8,294.3,230.65,668.1,635.57,639,19.35,20.45
1983,2,3267,1524.8,214.26,1660.7,8.61,13.29,505.2,2100.4,194.1,162.73,301.5,217.1,119.3,181.98,126.5,48.5,260.83,125.3,51,245.69,-19.4,-6.1,276.1,156.2,176.76,1865.5,850,219.47,328.1,137,239.49,334.5,123.4,271.07,682.2,292.4,233.31,672.51,638.21,645.16,19.23,20.07
1983,3,3346.6,1550.2,215.88,1673.2,9.44,13.39,517.2,2136.6,197.6,165.51,304.4,231.5,126.4,183.15,127.1,48.7,260.99,137.7,54.7,251.74,-4.3,0.9,284.1,159.6,178.01,1897.4,856.1,221.63,342,141.6,241.53,358.4,129.7,276.33,689.8,292,236.23,678.2,641.13,651.36,19.37,20.34
1983,4,3431.7,1572.7,218.2,1685.7,9.19,13.46,523.4,2181.9,201.4,165.75,305.9,251.1,135.3,185.59,137.5,51.8,265.44,138.7,55.2,251.27,12.7,7.2,299.8,167.2,179.31,1930.5,865.2,223.13,346.1,141,245.46,375.9,139.1,270.24,691.4,288.8,239.4,685.79,644.3,658.66,20.81,21.27